y_keff_inv,y_Mpc_over_h,r_y,dr_dy,m_r_eff_hMpc
0.0,0.0,1.0,0.010805007943803336,1.984313483298443
0.01001001001001001,0.00667334000667334,1.000107879435854,0.010749436862291744,1.984313483298443
0.02002002002002002,0.01334668001334668,1.0002152066315453,0.010694671215848977,1.984313483298443
0.03003003003003003,0.02002002002002002,1.0003219896287403,0.010640704188867964,1.984313483298443
0.04004004004004004,0.02669336002669336,1.0004282363881063,0.010587529052787812,1.984313483298443
0.050050050050050046,0.0333667000333667,1.0005339547897176,0.010535139167806719,1.984313483298443
0.06006006006006006,0.04004004004004004,1.0006391526829823,0.010483527926971773,1.984313483298443
0.07007007007007007,0.04671338004671338,1.0007438378079214,0.010432688842706603,1.984313483298443
0.08008008008008008,0.05338672005338672,1.00084801787385,0.010382615461623586,1.984313483298443
0.09009009009009009,0.06006006006006006,1.000951700514143,0.01033330141246913,1.984313483298443
0.10010010010010009,0.0667334000667334,1.0010548932851293,0.010284740409398415,1.984313483298443
0.11011011011011011,0.07340674007340674,1.001157603714533,0.010236926197425762,1.984313483298443
0.12012012012012012,0.08008008008008008,1.0012598392265488,0.010189852635311891,1.984313483298443
0.13013013013013014,0.08675342008675342,1.0013616072158544,0.01014351361492025,1.984313483298443
0.14014014014014015,0.09342676009342676,1.0014629150059708,0.010097903105612881,1.984313483298443
0.15015015015015015,0.1001001001001001,1.0015637698468014,0.010053015158936444,1.984313483298443
0.16016016016016016,0.10677344010677343,1.001664178961573,0.010008843855439643,1.984313483298443
0.17017017017017017,0.11344678011344678,1.001764149475581,0.009965383384051917,1.984313483298443
0.18018018018018017,0.12012012012012012,1.0018636884857537,0.009922627965764024,1.984313483298443
0.19019019019019018,0.12679346012679346,1.0019628030223815,0.009880571894691928,1.984313483298443
0.20020020020020018,0.1334668001334668,1.0020615000454551,0.009839209544034395,1.984313483298443
0.21021021021021022,0.14014014014014015,1.0021597864900884,0.009798535314259052,1.984313483298443
0.22022022022022023,0.14681348014681347,1.0022576691988156,0.009758543709102036,1.984313483298443
0.23023023023023023,0.15348682015348683,1.0023551549869163,0.009719229263361766,1.984313483298443
0.24024024024024024,0.16016016016016016,1.002452250607301,0.009680586580836472,1.984313483298443
0.2502502502502503,0.16683350016683351,1.0025489627457895,0.00964261034142408,1.984313483298443
0.2602602602602603,0.17350684017350684,1.002645298065008,0.009605295250673817,1.984313483298443
0.2702702702702703,0.1801801801801802,1.0027412631401171,0.009568636112534137,1.984313483298443
0.2802802802802803,0.18685352018685353,1.002836864520101,0.009532627761056924,1.984313483298443
0.2902902902902903,0.19352686019352686,1.0029321086956065,0.009497265095403194,1.984313483298443
0.3003003003003003,0.2002002002002002,1.0030270020932937,0.009462543087965635,1.984313483298443
0.3103103103103103,0.20687354020687354,1.003121551118204,0.00942845673527873,1.984313483298443
0.3203203203203203,0.21354688021354687,1.0032157620927986,0.009395001127639498,1.984313483298443
0.3303303303303303,0.22022022022022023,1.0033096413144085,0.009362171384527804,1.984313483298443
0.34034034034034033,0.22689356022689355,1.0034031950258369,0.009329962686864077,1.984313483298443
0.35035035035035034,0.23356690023356688,1.0034964294089008,0.009298370286043987,1.984313483298443
0.36036036036036034,0.24024024024024024,1.003589350625272,0.009267389456196304,1.984313483298443
0.37037037037037035,0.24691358024691357,1.0036819647587116,0.009237015560798437,1.984313483298443
0.38038038038038036,0.2535869202535869,1.0037742778688639,0.009207243991626535,1.984313483298443
0.39039039039039036,0.2602602602602602,1.0038662959644447,0.009178070198438847,1.984313483298443
0.40040040040040037,0.2669336002669336,1.0039580249960869,0.009149489698820566,1.984313483298443
0.41041041041041043,0.27360694027360694,1.004049470895655,0.009121498031775454,1.984313483298443
0.42042042042042044,0.2802802802802803,1.0041406395215653,0.009094090821455295,1.984313483298443
0.43043043043043044,0.28695362028695365,1.0042315367091035,0.009067263719461309,1.984313483298443
0.44044044044044045,0.29362696029362695,1.0043221682460233,0.009041012432117084,1.984313483298443
0.45045045045045046,0.3003003003003003,1.0044125398648056,0.00901533273102968,1.984313483298443
0.46046046046046046,0.30697364030697366,1.0045026572804525,0.00899022040799809,1.984313483298443
0.47047047047047047,0.31364698031364696,1.004592526138779,0.008965671335972808,1.984313483298443
0.4804804804804805,0.3203203203203203,1.0046821520634304,0.008941681414537784,1.984313483298443
0.4904904904904905,0.3269936603269937,1.0047715406337276,0.008918246594927529,1.984313483298443
0.5005005005005005,0.33366700033366703,1.0048606973764378,0.008895362891218105,1.984313483298443
0.5105105105105106,0.3403403403403404,1.004949627802054,0.008873026336532938,1.984313483298443
0.5205205205205206,0.3470136803470137,1.0050383373559577,0.00885123304134575,1.984313483298443
0.5305305305305306,0.35368702035368704,1.005126831462292,0.008829979141979584,1.984313483298443
0.5405405405405406,0.3603603603603604,1.0052151155039075,0.008809260823514001,1.984313483298443
0.5505505505505506,0.3670337003670337,1.0053031948137297,0.008789074331526512,1.984313483298443
0.5605605605605606,0.37370704037370706,1.0053910747095403,0.008769415929574078,1.984313483298443
0.5705705705705706,0.3803803803803804,1.0054787604479005,0.008750281954949563,1.984313483298443
0.5805805805805806,0.3870537203870537,1.0055662572650452,0.008731668770041598,1.984313483298443
0.5905905905905906,0.39372706039372707,1.0056535703587748,0.008713572783269292,1.984313483298443
0.6006006006006006,0.4004004004004004,1.005740704879512,0.008695990461301402,1.984313483298443
0.6106106106106106,0.4070737404070737,1.005827665963593,0.008678918287789727,1.984313483298443
0.6206206206206206,0.4137470804137471,1.0059144586898519,0.008662352816686255,1.984313483298443
0.6306306306306306,0.42042042042042044,1.0060010881176842,0.0086462906263146,1.984313483298443
0.6406406406406406,0.42709376042709374,1.0060875592707523,0.00863072833846158,1.984313483298443
0.6506506506506506,0.4337671004337671,1.006173877127805,0.00861566263100763,1.984313483298443
0.6606606606606606,0.44044044044044045,1.0062600466544949,0.008601090197886633,1.984313483298443
0.6706706706706707,0.44711378044711375,1.0063460727625266,0.008587007800067761,1.984313483298443
0.6806806806806807,0.4537871204537871,1.0064319603450336,0.008573412222195967,1.984313483298443
0.6906906906906907,0.46046046046046046,1.0065177142619635,0.008560300289962193,1.984313483298443
0.7007007007007007,0.46713380046713376,1.0066033393307383,0.008547668883084303,1.984313483298443
0.7107107107107107,0.4738071404738071,1.0066888403566125,0.008535514896466404,1.984313483298443
0.7207207207207207,0.4804804804804805,1.0067742220942872,0.00852383528894627,1.984313483298443
0.7307307307307307,0.4871538204871538,1.0068594892807405,0.008512627042368886,1.984313483298443
0.7407407407407407,0.49382716049382713,1.0069446466221714,0.008501887177349806,1.984313483298443
0.7507507507507507,0.5005005005005004,1.0070296987845628,0.008491612766551294,1.984313483298443
0.7607607607607607,0.5071738405071738,1.007114650422602,0.008481800897012911,1.984313483298443
0.7707707707707707,0.5138471805138471,1.0071995061436678,0.00847244871676232,1.984313483298443
0.7807807807807807,0.5205205205205204,1.0072842705382452,0.008463553396192142,1.984313483298443
0.7907907907907907,0.5271938605271939,1.0073689481683104,0.008455112142324108,1.984313483298443
0.8008008008008007,0.5338672005338672,1.0074535435578635,0.008447122212330177,1.984313483298443
0.8108108108108109,0.5405405405405406,1.0075380612204254,0.008439580877005049,1.984313483298443
0.8208208208208209,0.5472138805472139,1.0076225056253085,0.008432485465335074,1.984313483298443
0.8308308308308309,0.5538872205538873,1.0077068812257464,0.008425833328054789,1.984313483298443
0.8408408408408409,0.5605605605605606,1.0077911924486045,0.008419621850512862,1.984313483298443
0.8508508508508509,0.5672339005672339,1.0078754436849424,0.008413848466392766,1.984313483298443
0.8608608608608609,0.5739072405739073,1.007959639316108,0.008408510622296984,1.984313483298443
0.8708708708708709,0.5805805805805806,1.0080437836822043,0.008403605820365631,1.984313483298443
0.8808808808808809,0.5872539205872539,1.0081278811080507,0.008399131583894898,1.984313483298443
0.8908908908908909,0.5939272605939273,1.0082119358941237,0.008395085468899608,1.984313483298443
0.9009009009009009,0.6006006006006006,1.0082959523071937,0.008391465077992379,1.984313483298443
0.9109109109109109,0.6072739406072739,1.0083799346050415,0.008388268026048603,1.984313483298443
0.9209209209209209,0.6139472806139473,1.0084638870070364,0.008385491980963338,1.984313483298443
0.9309309309309309,0.6206206206206206,1.0085478137180448,0.008383134631219499,1.984313483298443
0.9409409409409409,0.6272939606272939,1.0086317189204987,0.00838119369623595,1.984313483298443
0.950950950950951,0.6339673006339673,1.008715606765163,0.008379666940368248,1.984313483298443
0.960960960960961,0.6406406406406406,1.0087994813944916,0.00837855213962286,1.984313483298443
0.970970970970971,0.6473139806473139,1.0088833469152332,0.008377847120637832,1.984313483298443
0.980980980980981,0.6539873206539873,1.0089672074204028,0.008377549730094115,1.984313483298443
0.990990990990991,0.6606606606606606,1.0090510669823813,0.008377657843932386,1.984313483298443
1.001001001001001,0.6673340006673341,1.009134929643859,0.008378169381442369,1.984313483298443
1.011011011011011,0.6740073406740074,1.009218799439855,0.008379082272994305,1.984313483298443
1.021021021021021,0.6806806806806808,1.0093026803722693,0.008380394497325966,1.984313483298443
1.031031031031031,0.6873540206873541,1.009386576430027,0.008382104052695637,1.984313483298443
1.0410410410410411,0.6940273606940274,1.0094704915831152,0.008384208965045627,1.984313483298443
1.0510510510510511,0.7007007007007008,1.00955442977375,0.008386707302150727,1.984313483298443
1.0610610610610611,0.7073740407073741,1.009638394937077,0.008389597142334603,1.984313483298443
1.0710710710710711,0.7140473807140474,1.0097223909775983,0.008392876610142808,1.984313483298443
1.0810810810810811,0.7207207207207208,1.0098064217875846,0.008396543849141028,1.984313483298443
1.0910910910910911,0.7273940607273941,1.009890491241971,0.008400597029098093,1.984313483298443
1.1011011011011012,0.7340674007340674,1.0099746031897843,0.008405034360167507,1.984313483298443
1.1111111111111112,0.7407407407407408,1.0100587614735468,0.008409854062556307,1.984313483298443
1.1211211211211212,0.7474140807474141,1.010142969907506,0.008415054400660722,1.984313483298443
1.1311311311311312,0.7540874207540874,1.0102272322944088,0.008420633657418191,1.984313483298443
1.1411411411411412,0.7607607607607608,1.01031155242118,0.008426590140577906,1.984313483298443
1.1511511511511512,0.7674341007674341,1.0103959340506434,0.00843292219689247,1.984313483298443
1.1611611611611612,0.7741074407741074,1.010480380939654,0.00843962818270658,1.984313483298443
1.1711711711711712,0.7807807807807808,1.0105648968190564,0.008446706496629272,1.984313483298443
1.1811811811811812,0.7874541207874541,1.0106494854089167,0.008454155555352796,1.984313483298443
1.1911911911911912,0.7941274607941274,1.0107341504149059,0.008461973799074173,1.984313483298443
1.2012012012012012,0.8008008008008008,1.010818895520349,0.008470159705676937,1.984313483298443
1.2112112112112112,0.8074741408074741,1.010903724403111,0.008478711762207058,1.984313483298443
1.2212212212212212,0.8141474808141475,1.01098864071721,0.008487628496152831,1.984313483298443
1.2312312312312312,0.8208208208208209,1.0110736481066003,0.008496908452648241,1.984313483298443
1.2412412412412412,0.8274941608274942,1.011158750202187,0.008506550199104668,1.984313483298443
1.2512512512512513,0.8341675008341675,1.0112439506142359,0.008516552339365414,1.984313483298443
1.2612612612612613,0.8408408408408409,1.0113292529480304,0.008526913486036262,1.984313483298443
1.2712712712712713,0.8475141808475142,1.0114146607870833,0.00853763229044145,1.984313483298443
1.2812812812812813,0.8541875208541875,1.0115001777055461,0.008548707421133393,1.984313483298443
1.2912912912912913,0.8608608608608609,1.0115858072657904,0.008560137567789622,1.984313483298443
1.3013013013013013,0.8675342008675342,1.0116715530112088,0.008571921455325223,1.984313483298443
1.3113113113113113,0.8742075408742075,1.0117574184806672,0.008584057817045694,1.984313483298443
1.3213213213213213,0.8808808808808809,1.0118434071932436,0.008596545423344695,1.984313483298443
1.3313313313313313,0.8875542208875542,1.0119295226593514,0.008609383061446168,1.984313483298443
1.3413413413413413,0.8942275608942275,1.0120157683788238,0.008622569538617673,1.984313483298443
1.3513513513513513,0.9009009009009009,1.0121021478341274,0.008636103696228263,1.984313483298443
1.3613613613613613,0.9075742409075742,1.0121886645036346,0.008649984383691457,1.984313483298443
1.3713713713713713,0.9142475809142475,1.0122753218478309,0.008664210485967867,1.984313483298443
1.3813813813813813,0.9209209209209209,1.0123621233192255,0.008678780904469748,1.984313483298443
1.3913913913913913,0.9275942609275942,1.0124490723608772,0.008693694559638192,1.984313483298443
1.4014014014014013,0.9342676009342675,1.0125361724000517,0.008708950404936135,1.984313483298443
1.4114114114114114,0.9409409409409409,1.0126234268603298,0.008724547401549525,1.984313483298443
1.4214214214214214,0.9476142809476142,1.0127108391492252,0.008740484544755437,1.984313483298443
1.4314314314314314,0.9542876209542875,1.0127984126669594,0.008756760845922838,1.984313483298443
1.4414414414414414,0.960960960960961,1.0128861508053688,0.008773375334497627,1.984313483298443
1.4514514514514514,0.9676343009676343,1.0129740569420274,0.008790327071922477,1.984313483298443
1.4614614614614614,0.9743076409743076,1.0130621344512172,0.008807615127064647,1.984313483298443
1.4714714714714714,0.980980980980981,1.0131503866928953,0.008825238601507652,1.984313483298443
1.4814814814814814,0.9876543209876543,1.0132388170204043,0.00884319661258571,1.984313483298443
1.4914914914914914,0.9943276609943276,1.0133274287797076,0.008861488294817345,1.984313483298443
1.5015015015015014,1.0010010010010009,1.0134162253039984,0.00888011281374558,1.984313483298443
1.5115115115115114,1.0076743410076743,1.0135052099235522,0.008899069342061219,1.984313483298443
1.5215215215215214,1.0143476810143477,1.0135943859559897,0.008918357083873788,1.984313483298443
1.5315315315315314,1.0210210210210209,1.01368375671299,0.008937975258720582,1.984313483298443
1.5415415415415414,1.0276943610276943,1.0137733254998023,0.008957923102486396,1.984313483298443
1.5515515515515514,1.0343677010343677,1.013863095610361,0.008978199881159367,1.984313483298443
1.5615615615615615,1.041041041041041,1.013953070336039,0.008998804867618936,1.984313483298443
1.5715715715715715,1.0477143810477143,1.0140432529571588,0.00901973736493943,1.984313483298443
1.5815815815815815,1.0543877210543877,1.014133646748768,0.009040996691317983,1.984313483298443
1.5915915915915915,1.061061061061061,1.01422425498038,0.009062582180515026,1.984313483298443
1.6016016016016015,1.0677344010677343,1.0143150809116137,0.009084493195522635,1.984313483298443
1.6116116116116117,1.0744077410744077,1.0144061277998702,0.009106729105986859,1.984313483298443
1.6216216216216217,1.0810810810810811,1.014497398893036,0.009129289310595024,1.984313483298443
1.6316316316316317,1.0877544210877546,1.0145888974343873,0.009152173222870022,1.984313483298443
1.6416416416416417,1.0944277610944277,1.0146806266625117,0.009175380271163377,1.984313483298443
1.6516516516516517,1.1011011011011012,1.014772589807489,0.009198909912234423,1.984313483298443
1.6616616616616617,1.1077744411077746,1.0148647900975112,0.009222761609277192,1.984313483298443
1.6716716716716717,1.1144477811144478,1.0149572307527301,0.009246934853440303,1.984313483298443
1.6816816816816818,1.1211211211211212,1.0150499149893488,0.009271429150438174,1.984313483298443
1.6916916916916918,1.1277944611277946,1.0151428460196794,0.00929624402012584,1.984313483298443
1.7017017017017018,1.1344678011344678,1.0152360270488816,0.00932137900998865,1.984313483298443
1.7117117117117118,1.1411411411411412,1.0153294612805448,0.009346833673744412,1.984313483298443
1.7217217217217218,1.1478144811478146,1.0154231519116348,0.009372607592042585,1.984313483298443
1.7317317317317318,1.1544878211544878,1.0155171021358274,0.00939870035984592,1.984313483298443
1.7417417417417418,1.1611611611611612,1.0156113151436594,0.009425111585613696,1.984313483298443
1.7517517517517518,1.1678345011678346,1.0157057941198426,0.009451840904702856,1.984313483298443
1.7617617617617618,1.1745078411745078,1.0158005422478242,0.009478887958516674,1.984313483298443
1.7717717717717718,1.1811811811811812,1.0158955627057886,0.009506252414427888,1.984313483298443
1.7817817817817818,1.1878545211878546,1.0159908586692865,0.00953393395388705,1.984313483298443
1.7917917917917918,1.1945278611945278,1.016086433311441,0.009561932271238513,1.984313483298443
1.8018018018018018,1.2012012012012012,1.0161822898008477,0.009590247087035073,1.984313483298443
1.8118118118118118,1.2078745412078746,1.0162784313051356,0.009618878127704998,1.984313483298443
1.8218218218218218,1.2145478812145478,1.0163748609879764,0.00964782514474165,1.984313483298443
1.8318318318318318,1.2212212212212212,1.0164715820110657,0.009677087903497613,1.984313483298443
1.8418418418418419,1.2278945612278946,1.0165685975343421,0.009706666181655462,1.984313483298443
1.8518518518518519,1.2345679012345678,1.0166659107144873,0.009736559782459063,1.984313483298443
1.8618618618618619,1.2412412412412412,1.0167635247075069,0.009766768514871328,1.984313483298443
1.8718718718718719,1.2479145812479147,1.016861442666704,0.00979729221207103,1.984313483298443
1.8818818818818819,1.2545879212545878,1.0169596677440629,0.009828130720894232,1.984313483298443
1.8918918918918919,1.2612612612612613,1.0170582030904423,0.009859283899979832,1.984313483298443
1.901901901901902,1.2679346012679347,1.0171570518546933,0.009890751632921595,1.984313483298443
1.911911911911912,1.2746079412746079,1.01725621718527,0.009922533808889656,1.984313483298443
1.921921921921922,1.2812812812812813,1.0173557022291346,0.009954630340473239,1.984313483298443
1.931931931931932,1.2879546212879547,1.017455510132585,0.009987041153733472,1.984313483298443
1.941941941941942,1.2946279612946279,1.0175556440413933,0.010019766186041619,1.984313483298443
1.951951951951952,1.3013013013013013,1.0176561071005459,0.010052805399156876,1.984313483298443
1.961961961961962,1.3079746413079747,1.0177569024549085,0.010086158760285189,1.984313483298443
1.971971971971972,1.3146479813146479,1.0178580332490172,0.010119826259304803,1.984313483298443
1.981981981981982,1.3213213213213213,1.0179595026274024,0.010153807899396874,1.984313483298443
1.991991991991992,1.3279946613279947,1.0180613137346308,0.010188103694592427,1.984313483298443
2.002002002002002,1.3346680013346681,1.0181634697156885,0.01022271368278173,1.984313483298443
2.012012012012012,1.3413413413413415,1.0182659737157083,0.010257637907184659,1.984313483298443
2.022022022022022,1.3480146813480147,1.0183688288806148,0.010292876432994168,1.984313483298443
2.032032032032032,1.3546880213546881,1.018472038356984,0.0103284293385534,1.984313483298443
2.042042042042042,1.3613613613613615,1.0185756052919646,0.010364296712625625,1.984313483298443
2.052052052052052,1.3680347013680347,1.0186795328343037,0.010400478667341732,1.984313483298443
2.062062062062062,1.3747080413747081,1.018783824133161,0.010436975320056989,1.984313483298443
2.0720720720720722,1.3813813813813816,1.018888482339568,0.010473786809445839,1.984313483298443
2.0820820820820822,1.3880547213880547,1.0189935106058683,0.010510913287196335,1.984313483298443
2.0920920920920922,1.3947280613947282,1.0190989120854819,0.010548354915015625,1.984313483298443
2.1021021021021022,1.4014014014014016,1.0192046899345906,0.010586111877522791,1.984313483298443
2.1121121121121122,1.4080747414080748,1.019310847310049,0.010624184364467498,1.984313483298443
2.1221221221221223,1.4147480814147482,1.0194173873716261,0.010662572586307812,1.984313483298443
2.1321321321321323,1.4214214214214216,1.0195243132810656,0.010701276766394865,1.984313483298443
2.1421421421421423,1.4280947614280948,1.0196316282016649,0.010740297137724866,1.984313483298443
2.1521521521521523,1.4347681014347682,1.0197393353006274,0.010779633955785146,1.984313483298443
2.1621621621621623,1.4414414414414416,1.019847437746089,0.01081928748111078,1.984313483298443
2.1721721721721723,1.4481147814481148,1.0199559387101034,0.010859257994375527,1.984313483298443
2.1821821821821823,1.4547881214547882,1.0200648413673672,0.010899545789041643,1.984313483298443
2.1921921921921923,1.4614614614614616,1.0201741488945808,0.010940151167867852,1.984313483298443
2.2022022022022023,1.4681348014681348,1.020283864473479,0.010981074455716978,1.984313483298443
2.2122122122122123,1.4748081414748082,1.0203939912869864,0.011022315982427337,1.984313483298443
2.2222222222222223,1.4814814814814816,1.0205045325229152,0.011063876097445297,1.984313483298443
2.2322322322322323,1.4881548214881548,1.0206154913723915,0.01110575516291703,1.984313483298443
2.2422422422422423,1.4948281614948282,1.0207268710289719,0.011147953549960498,1.984313483298443
2.2522522522522523,1.5015015015015016,1.0208386746923614,0.01119047165144352,1.984313483298443
2.2622622622622623,1.5081748415081748,1.0209509055637092,0.011233309865147376,1.984313483298443
2.2722722722722724,1.5148481815148482,1.02106356684999,0.011276468607967967,1.984313483298443
2.2822822822822824,1.5215215215215216,1.0211766617621687,0.011319948309428153,1.984313483298443
2.2922922922922924,1.5281948615281948,1.0212901935140433,0.011363749407720353,1.984313483298443
2.3023023023023024,1.5348682015348682,1.0214041653266615,0.011407872362464483,1.984313483298443
2.3123123123123124,1.5415415415415417,1.0215185804227678,0.01145231763814176,1.984313483298443
2.3223223223223224,1.5482148815482148,1.0216334420318418,0.011497085717890008,1.984313483298443
2.3323323323323324,1.5548882215548883,1.0217487533880318,0.011542177097416936,1.984313483298443
2.3423423423423424,1.5615615615615617,1.0218645177287033,0.01158759228081875,1.984313483298443
2.3523523523523524,1.5682349015682349,1.0219807382995572,0.011633331793327708,1.984313483298443
2.3623623623623624,1.5749082415749083,1.0220974183482476,0.011679396164994832,1.984313483298443
2.3723723723723724,1.5815815815815817,1.02221456113004,0.011725785944103433,1.984313483298443
2.3823823823823824,1.5882549215882549,1.0223321699055568,0.011772501691465365,1.984313483298443
2.3923923923923924,1.5949282615949283,1.0224502479389992,0.011819543976019841,1.984313483298443
2.4024024024024024,1.6016016016016017,1.022568798503979,0.011866913387580709,1.984313483298443
2.4124124124124124,1.6082749416082749,1.0226878248763192,0.011914610520747416,1.984313483298443
2.4224224224224224,1.6149482816149483,1.0228073303403016,0.011962635987959462,1.984313483298443
2.4324324324324325,1.6216216216216217,1.02292731818626,0.012010990414159262,1.984313483298443
2.4424424424424425,1.628294961628295,1.0230477917084504,0.012059674432174193,1.984313483298443
2.4524524524524525,1.6349683016349683,1.023168754211605,0.012108688695474032,1.984313483298443
2.4624624624624625,1.6416416416416417,1.0232902090029237,0.012158033862290162,1.984313483298443
2.4724724724724725,1.648314981648315,1.02341215939889,0.012207710608332287,1.984313483298443
2.4824824824824825,1.6549883216549883,1.0235346087227415,0.01225771962180314,1.984313483298443
2.4924924924924925,1.6616616616616617,1.0236575603019615,0.01230806159856563,1.984313483298443
2.5025025025025025,1.668335001668335,1.0237810174755668,0.012358737254921223,1.984313483298443
2.5125125125125125,1.6750083416750083,1.0239049835853016,0.012409747311917966,1.984313483298443
2.5225225225225225,1.6816816816816818,1.0240294619829944,0.012461092507749587,1.984313483298443
2.5325325325325325,1.688355021688355,1.0241544560279348,0.01251277359310863,1.984313483298443
2.5425425425425425,1.6950283616950284,1.0242799690839686,0.012564791326139654,1.984313483298443
2.5525525525525525,1.7017017017017018,1.024406004527522,0.012617146485249527,1.984313483298443
2.5625625625625625,1.708375041708375,1.0245325657380138,0.012669839853585534,1.984313483298443
2.5725725725725725,1.7150483817150484,1.0246596561057206,0.012722872231135617,1.984313483298443
2.5825825825825826,1.7217217217217218,1.0247872790290995,0.012776244430408076,1.984313483298443
2.5925925925925926,1.728395061728395,1.0249154379114571,0.012829957271170695,1.984313483298443
2.6026026026026026,1.7350684017350684,1.0250441361697205,0.012884011593304177,1.984313483298443
2.6126126126126126,1.7417417417417418,1.0251733772240772,0.012938408241432218,1.984313483298443
2.6226226226226226,1.748415081748415,1.0253031645063273,0.01299314807674047,1.984313483298443
2.6326326326326326,1.7550884217550884,1.0254335014571758,0.013048231972972205,1.984313483298443
2.6426426426426426,1.7617617617617618,1.0255643915224593,0.01310366081095243,1.984313483298443
2.6526526526526526,1.768435101768435,1.0256958381626677,0.013159435491495805,1.984313483298443
2.6626626626626626,1.7751084417751084,1.025827844841824,0.013215556920171206,1.984313483298443
2.6726726726726726,1.7817817817817818,1.025960415036296,0.01327202601885583,1.984313483298443
2.6826826826826826,1.788455121788455,1.0260935522320938,0.01332884372203753,1.984313483298443
2.6926926926926926,1.7951284617951284,1.0262272599206255,0.013386010971122042,1.984313483298443
2.7027027027027026,1.8018018018018018,1.026361541608981,0.013443528727406978,1.984313483298443
2.7127127127127126,1.808475141808475,1.026496400808061,0.01350139795696398,1.984313483298443
2.7227227227227226,1.8151484818151484,1.0266318410418236,0.01355961964194319,1.984313483298443
2.7327327327327327,1.8218218218218218,1.0267678658446175,0.01361819477717432,1.984313483298443
2.7427427427427427,1.828495161828495,1.0269044787564416,0.013677124364254223,1.984313483298443
2.7527527527527527,1.8351685018351684,1.0270416833340037,0.013736409424598639,1.984313483298443
2.7627627627627627,1.8418418418418419,1.0271794831381034,0.013796050984425776,1.984313483298443
2.7727727727727727,1.848515181848515,1.0273178817432942,0.013856050085825172,1.984313483298443
2.7827827827827827,1.8551885218551885,1.0274568827352761,0.013916407783650765,1.984313483298443
2.7927927927927927,1.8618618618618619,1.0275964897056458,0.013977125139385274,1.984313483298443
2.8028028028028027,1.868535201868535,1.0277367062637266,0.014038203234281552,1.984313483298443
2.8128128128128127,1.8752085418752085,1.0278775360232246,0.014099643154431877,1.984313483298443
2.8228228228228227,1.8818818818818819,1.0280189826122768,0.01416144600161434,1.984313483298443
2.8328328328328327,1.888555221888555,1.028161049670938,0.014223612890472201,1.984313483298443
2.8428428428428427,1.8952285618952285,1.0283037408453901,0.014286144942150884,1.984313483298443
2.8528528528528527,1.901901901901902,1.0284470598005617,0.014349043297540777,1.984313483298443
2.8628628628628627,1.908575241908575,1.0285910102060603,0.0144123091024173,1.984313483298443
2.8728728728728727,1.9152485819152485,1.0287355957465845,0.014475943518076672,1.984313483298443
2.8828828828828827,1.921921921921922,1.028880820119535,0.01453994771879715,1.984313483298443
2.8928928928928928,1.928595261928595,1.0290266870286617,0.014604322885243635,1.984313483298443
2.9029029029029028,1.9352686019352685,1.0291732001974774,0.014669070217823854,1.984313483298443
2.9129129129129128,1.941941941941942,1.0293203633544783,0.01473419092188484,1.984313483298443
2.9229229229229228,1.948615281948615,1.0294681802438983,0.014799686218148967,1.984313483298443
2.932932932932933,1.9552886219552885,1.029616654623468,0.014865557340453715,1.984313483298443
2.942942942942943,1.961961961961962,1.0297657902574815,0.014931805528918183,1.984313483298443
2.952952952952953,1.9686353019686351,1.029915590931012,0.01499843204342468,1.984313483298443
2.962962962962963,1.9753086419753085,1.0300660604344292,0.015065438148857824,1.984313483298443
2.972972972972973,1.981981981981982,1.0302172025744698,0.015132825125350758,1.984313483298443
2.982982982982983,1.9886553219886551,1.030369021172179,0.015200594266301068,1.984313483298443
2.992992992992993,1.9953286619953285,1.0305215200553712,0.015268746871292939,1.984313483298443
3.003003003003003,2.0020020020020017,1.030674703073654,0.015337284259716148,1.984313483298443
3.013013013013013,2.0086753420086754,1.0308285740822547,0.01540620775603463,1.984313483298443
3.023023023023023,2.0153486820153486,1.0309831369533842,0.01547551869985175,1.984313483298443
3.033033033033033,2.0220220220220217,1.0311383955743876,0.015545218444201097,1.984313483298443
3.043043043043043,2.0286953620286954,1.0312943538395767,0.015615308348217328,1.984313483298443
3.053053053053053,2.0353687020353686,1.0314510156660723,0.015685789790904587,1.984313483298443
3.063063063063063,2.0420420420420418,1.0316083849769482,0.015756664156422007,1.984313483298443
3.073073073073073,2.0487153820487154,1.031766465712865,0.01582793284397592,1.984313483298443
3.083083083083083,2.0553887220553886,1.031925261830457,0.01589959726638527,1.984313483298443
3.093093093093093,2.0620620620620618,1.0320847772935187,0.01597165884249358,1.984313483298443
3.103103103103103,2.0687354020687354,1.0322450160896703,0.0160441190110988,1.984313483298443
3.113113113113113,2.0754087420754086,1.0324059822128264,0.016116979216243825,1.984313483298443
3.123123123123123,2.082082082082082,1.032567679675082,0.016190240916942614,1.984313483298443
3.133133133133133,2.0887554220887554,1.0327301125053614,0.016263905586020852,1.984313483298443
3.143143143143143,2.0954287620954286,1.0328932847399355,0.01633797470226097,1.984313483298443
3.153153153153153,2.102102102102102,1.0330572004399186,0.016412449764505378,1.984313483298443
3.163163163163163,2.1087754421087754,1.0332218636730757,0.016487332276940696,1.984313483298443
3.173173173173173,2.1154487821154486,1.0333872785259302,0.016562623758663783,1.984313483298443
3.183183183183183,2.122122122122122,1.0335534491027103,0.016638325742799286,1.984313483298443
3.193193193193193,2.1287954621287954,1.0337203795151702,0.016714439768369012,1.984313483298443
3.203203203203203,2.1354688021354686,1.0338880739009295,0.01679096739458051,1.984313483298443
3.2132132132132134,2.1421421421421423,1.0340565364046246,0.016867910186094327,1.984313483298443
3.2232232232232234,2.1488154821488155,1.0342257711902194,0.016945269722434996,1.984313483298443
3.2332332332332334,2.155488822155489,1.0343957824402745,0.017023047597388007,1.984313483298443
3.2432432432432434,2.1621621621621623,1.0345665743450525,0.017101245410584436,1.984313483298443
3.2532532532532534,2.1688355021688355,1.034738151121706,0.017179864781986603,1.984313483298443
3.2632632632632634,2.175508842175509,1.0349105169947834,0.017258907337128388,1.984313483298443
3.2732732732732734,2.1821821821821823,1.0350836762087192,0.01733837471637531,1.984313483298443
3.2832832832832834,2.1888555221888555,1.0352576330274554,0.01741826857460435,1.984313483298443
3.2932932932932935,2.195528862195529,1.0354323917228088,0.017498590572494102,1.984313483298443
3.3033033033033035,2.2022022022022023,1.0356079565945118,0.017579342391219447,1.984313483298443
3.3133133133133135,2.2088755422088755,1.0357843319500886,0.017660525717655293,1.984313483298443
3.3233233233233235,2.215548882215549,1.0359615221174974,0.01774214225348912,1.984313483298443
3.3333333333333335,2.2222222222222223,1.0361395314451325,0.017824193715187942,1.984313483298443
3.3433433433433435,2.2288955622288955,1.0363183642894331,0.017906681824983832,1.984313483298443
3.3533533533533535,2.235568902235569,1.0364980250357867,0.01798960832578923,1.984313483298443
3.3633633633633635,2.2422422422422423,1.0366785180777796,0.018072974966355404,1.984313483298443
3.3733733733733735,2.2489155822489155,1.0368598478299722,0.018156783510239707,1.984313483298443
3.3833833833833835,2.255588922255589,1.0370420187283105,0.018241035736064948,1.984313483298443
3.3933933933933935,2.2622622622622623,1.0372250352169514,0.018325733428189588,1.984313483298443
3.4034034034034035,2.2689356022689355,1.0374089017700383,0.01841087839185535,1.984313483298443
3.4134134134134135,2.275608942275609,1.037593622870336,0.018496472438292083,1.984313483298443
3.4234234234234235,2.2822822822822824,1.0377792030221142,0.01858251739354136,1.984313483298443
3.4334334334334335,2.2889556222889555,1.0379656467519993,0.018669015099014176,1.984313483298443
3.4434434434434436,2.295628962295629,1.0381529585949931,0.018755967401834727,1.984313483298443
3.4534534534534536,2.3023023023023024,1.0383411431171259,0.018843376170231876,1.984313483298443
3.4634634634634636,2.3089756423089756,1.03853020489349,0.01893124327858281,1.984313483298443
3.4734734734734736,2.315648982315649,1.038720148521204,0.01901957061609352,1.984313483298443
3.4834834834834836,2.3223223223223224,1.0389109786207356,0.01910836008766184,1.984313483298443
3.4934934934934936,2.3289956623289956,1.0391026998210926,0.01919761360388304,1.984313483298443
3.5035035035035036,2.335669002335669,1.0392953167833592,0.01928733309669685,1.984313483298443
3.5135135135135136,2.3423423423423424,1.0394888341781365,0.01937752050436259,1.984313483298443
3.5235235235235236,2.3490156823490156,1.0396832566985696,0.019468177779996536,1.984313483298443
3.5335335335335336,2.355689022355689,1.0398785890621656,0.019559306892747912,1.984313483298443
3.5435435435435436,2.3623623623623624,1.0400748359951346,0.019650909817454126,1.984313483298443
3.5535535535535536,2.3690357023690356,1.0402720022568188,0.019742988550555052,1.984313483298443
3.5635635635635636,2.3757090423757092,1.040470092616552,0.01983554509499286,1.984313483298443
3.5735735735735736,2.3823823823823824,1.040669111866718,0.019928581468605343,1.984313483298443
3.5835835835835836,2.3890557223890556,1.0408690648251018,0.02002209970562342,1.984313483298443
3.5935935935935936,2.3957290623957292,1.0410699563183548,0.020116101845963352,1.984313483298443
3.6036036036036037,2.4024024024024024,1.0412717912073217,0.020210589951419836,1.984313483298443
3.6136136136136137,2.4090757424090756,1.0414745743633318,0.020305566090484402,1.984313483298443
3.6236236236236237,2.4157490824157493,1.0416783106812653,0.020401032346592952,1.984313483298443
3.6336336336336337,2.4224224224224224,1.0418830050824663,0.02049699081995411,1.984313483298443
3.6436436436436437,2.4290957624290956,1.0420886624973087,0.02059344361646525,1.984313483298443
3.6536536536536537,2.4357691024357693,1.042295287891429,0.020690392864196067,1.984313483298443
3.6636636636636637,2.4424424424424425,1.0425028862414605,0.02078784069811976,1.984313483298443
3.6736736736736737,2.4491157824491157,1.0427114625480827,0.020885789268212322,1.984313483298443
3.6836836836836837,2.4557891224557893,1.0429210218395266,0.020984240741621914,1.984313483298443
3.6936936936936937,2.4624624624624625,1.043131569153216,0.02108319729119499,1.984313483298443
3.7037037037037037,2.4691358024691357,1.0433431095629169,0.02118266111226196,1.984313483298443
3.7137137137137137,2.4758091424758093,1.0435556481539239,0.02128263440727603,1.984313483298443
3.7237237237237237,2.4824824824824825,1.0437691900360666,0.021383119393760874,1.984313483298443
3.7337337337337337,2.4891558224891557,1.0439837403478398,0.02148411830683199,1.984313483298443
3.7437437437437437,2.4958291624958293,1.044199304237096,0.021585633387318823,1.984313483298443
3.7537537537537538,2.5025025025025025,1.044415886889119,0.021687666898864113,1.984313483298443
3.7637637637637638,2.5091758425091757,1.0446334935012729,0.021790221112465653,1.984313483298443
3.7737737737737738,2.5158491825158493,1.044852129295941,0.0218932983142683,1.984313483298443
3.7837837837837838,2.5225225225225225,1.0450717995253118,0.02199690080844908,1.984313483298443
3.793793793793794,2.5291958625291957,1.0452925094510996,0.02210103090492064,1.984313483298443
3.803803803803804,2.5358692025358693,1.0455142643735469,0.02220569093675592,1.984313483298443
3.813813813813814,2.5425425425425425,1.0457370696055517,0.022310883244628602,1.984313483298443
3.823823823823824,2.5492158825492157,1.0459609304855093,0.02241661018444459,1.984313483298443
3.833833833833834,2.5558892225558894,1.0461858523827892,0.022522874130603464,1.984313483298443
3.843843843843844,2.5625625625625625,1.046411840676456,0.022629677463268112,1.984313483298443
3.853853853853854,2.5692359025692357,1.0466389007852097,0.022737022586126306,1.984313483298443
3.863863863863864,2.5759092425759094,1.0468670381410057,0.02284491191072621,1.984313483298443
3.873873873873874,2.5825825825825826,1.047096258201768,0.022953347863941598,1.984313483298443
3.883883883883884,2.5892559225892557,1.0473265664575926,0.023062332891623072,1.984313483298443
3.893893893893894,2.5959292625959294,1.0475579684084448,0.02317186944541827,1.984313483298443
3.903903903903904,2.6026026026026026,1.047790469595043,0.02328196000088191,1.984313483298443
3.913913913913914,2.6092759426092758,1.048024075571983,0.02339260704170317,1.984313483298443
3.923923923923924,2.6159492826159494,1.0482587919202966,0.0235038130669982,1.984313483298443
3.933933933933934,2.6226226226226226,1.048494624254417,0.023615580595365282,1.984313483298443
3.943943943943944,2.6292959626292958,1.0487315781988222,0.02372791215123959,1.984313483298443
3.953953953953954,2.6359693026359694,1.0489696594198736,0.02384081028336312,1.984313483298443
3.963963963963964,2.6426426426426426,1.049208873598456,0.023954277548901424,1.984313483298443
3.973973973973974,2.649315982649316,1.0494492264423547,0.024068316520556063,1.984313483298443
3.983983983983984,2.6559893226559894,1.0496907236940163,0.024182929791038796,1.984313483298443
3.993993993993994,2.6626626626626626,1.049933371106111,0.024298119958944205,1.984313483298443
4.004004004004004,2.6693360026693362,1.0501771744743356,0.024413889647591166,1.984313483298443
4.014014014014014,2.6760093426760094,1.0504221396095814,0.024530241489026716,1.984313483298443
4.024024024024024,2.682682682682683,1.0506682723501022,0.024647178130950402,1.984313483298443
4.034034034034034,2.6893560226893563,1.0509155785701023,0.024764702241623384,1.984313483298443
4.044044044044044,2.6960293626960294,1.051164064154196,0.024882816495241777,1.984313483298443
4.054054054054054,2.702702702702703,1.0514137350311774,0.02500152359116119,1.984313483298443
4.064064064064064,2.7093760427093763,1.0516645971457363,0.025120826237786217,1.984313483298443
4.074074074074074,2.7160493827160495,1.0519166564703795,0.025240727159297628,1.984313483298443
4.084084084084084,2.722722722722723,1.0521699190148899,0.025361229101013218,1.984313483298443
4.094094094094094,2.7293960627293963,1.0524243907996502,0.025482334814244202,1.984313483298443
4.104104104104104,2.7360694027360695,1.0526800778903902,0.025604047075914325,1.984313483298443
4.114114114114114,2.742742742742743,1.0529369863694629,0.02572636867233395,1.984313483298443
4.124124124124124,2.7494160827494163,1.0531951223474911,0.02584930240572032,1.984313483298443
4.134134134134134,2.7560894227560895,1.0534544919737325,0.02597285110002776,1.984313483298443
4.1441441441441444,2.762762762762763,1.0537151014082413,0.02609701758526893,1.984313483298443
4.1541541541541545,2.7694361027694363,1.0539769568575992,0.02622180471754007,1.984313483298443
4.1641641641641645,2.7761094427761095,1.0542400645457675,0.026347215362679106,1.984313483298443
4.1741741741741745,2.782782782782783,1.0545044307254274,0.026473252402568447,1.984313483298443
4.1841841841841845,2.7894561227894563,1.0547700616892888,0.02659991874145299,1.984313483298443
4.1941941941941945,2.7961294627961295,1.0550369637410608,0.02672721728970752,1.984313483298443
4.2042042042042045,2.802802802802803,1.0553051432321752,0.02685515098427956,1.984313483298443
4.2142142142142145,2.8094761428094763,1.0555746065322307,0.02698372277223167,1.984313483298443
4.2242242242242245,2.8161494828161495,1.0558453600399915,0.02711293561681512,1.984313483298443
4.2342342342342345,2.822822822822823,1.0561174101956825,0.02724279250429526,1.984313483298443
4.2442442442442445,2.8294961628294963,1.0563907634507368,0.027373296427145633,1.984313483298443
4.2542542542542545,2.8361695028361695,1.0566654263055202,0.027504450404920087,1.984313483298443
4.2642642642642645,2.842842842842843,1.056941405279383,0.02763625746767979,1.984313483298443
4.2742742742742745,2.8495161828495164,1.0572187069212873,0.027768720661825445,1.984313483298443
4.2842842842842845,2.8561895228561895,1.0574973378231218,0.027901843057450325,1.984313483298443
4.2942942942942945,2.862862862862863,1.057777304588202,0.028035627730941263,1.984313483298443
4.3043043043043046,2.8695362028695364,1.058058613870001,0.02817007778629152,1.984313483298443
4.314314314314315,2.8762095428762096,1.0583412723418284,0.028305196338413774,1.984313483298443
4.324324324324325,2.882882882882883,1.0586252867070456,0.028440986518717497,1.984313483298443
4.334334334334335,2.8895562228895564,1.0589106637134496,0.028577451483011017,1.984313483298443
4.344344344344345,2.8962295628962296,1.0591974101204895,0.028714594393488842,1.984313483298443
4.354354354354355,2.902902902902903,1.059485532739012,0.02885241844049692,1.984313483298443
4.364364364364365,2.9095762429095764,1.0597750384005875,0.028990926825733333,1.984313483298443
4.374374374374375,2.9162495829162496,1.0600659339672753,0.02913012276755654,1.984313483298443
4.384384384384385,2.922922922922923,1.0603582263471198,0.029270009509458926,1.984313483298443
4.394394394394395,2.9295962629295964,1.0606519224600517,0.029410590301419164,1.984313483298443
4.404404404404405,2.9362696029362696,1.0609470292786576,0.029551868422131547,1.984313483298443
4.414414414414415,2.9429429429429432,1.0612435537971665,0.029693847162096762,1.984313483298443
4.424424424424425,2.9496162829496164,1.0615415030407356,0.02983652982864579,1.984313483298443
4.434434434434435,2.9562896229562896,1.0618408840820952,0.02997991975500821,1.984313483298443
4.444444444444445,2.9629629629629632,1.0621417040061079,0.03012402028100788,1.984313483298443
4.454454454454455,2.9696363029696364,1.0624439699515653,0.030268834775767965,1.984313483298443
4.464464464464465,2.9763096429763096,1.0627476890798597,0.030414366620694768,1.984313483298443
4.474474474474475,2.9829829829829833,1.0630528685837466,0.030560619214201057,1.984313483298443
4.484484484484485,2.9896563229896564,1.0633595157051872,0.030707595981393578,1.984313483298443
4.494494494494495,2.9963296629963296,1.063667637698531,0.030855300354089513,1.984313483298443
4.504504504504505,3.0030030030030033,1.063977241873347,0.031003735794008946,1.984313483298443
4.514514514514515,3.0096763430096765,1.064288335562802,0.031152905775655323,1.984313483298443
4.524524524524525,3.0163496830163496,1.064600926131858,0.03130281379072098,1.984313483298443
4.534534534534535,3.0230230230230233,1.0649150209963631,0.03145346335841938,1.984313483298443
4.544544544544545,3.0296963630296965,1.0652306275848165,0.03160485800479914,1.984313483298443
4.554554554554555,3.0363697030363697,1.0655477533822484,0.03175700128643564,1.984313483298443
4.564564564564565,3.0430430430430433,1.0658664058983225,0.03190989677321251,1.984313483298443
4.574574574574575,3.0497163830497165,1.066186592674931,0.032063548052390874,1.984313483298443
4.584584584584585,3.0563897230563897,1.0665083213065727,0.03221795873961307,1.984313483298443
4.594594594594595,3.0630630630630633,1.0668315994006785,0.03237313245749024,1.984313483298443
4.604604604604605,3.0697364030697365,1.067156434622538,0.032529072859805004,1.984313483298443
4.614614614614615,3.0764097430764097,1.067482834663151,0.03268578361419877,1.984313483298443
4.624624624624625,3.0830830830830833,1.0678108072461774,0.03284326840588528,1.984313483298443
4.634634634634635,3.0897564230897565,1.0681403601496553,0.033001530949353826,1.984313483298443
4.644644644644645,3.0964297630964297,1.0684715011648438,0.033160574966205475,1.984313483298443
4.654654654654655,3.1031031031031033,1.0688042381422103,0.03332040420987878,1.984313483298443
4.664664664664665,3.1097764431097765,1.0691385789590524,0.033481022448248556,1.984313483298443
4.674674674674675,3.1164497831164497,1.0694745315257588,0.03364243346696315,1.984313483298443
4.684684684684685,3.1231231231231233,1.069812103808914,0.03380464108187614,1.984313483298443
4.694694694694695,3.1297964631297965,1.0701513037886299,0.03396764911610581,1.984313483298443
4.704704704704705,3.1364698031364697,1.0704921395055946,0.03413146142529575,1.984313483298443
4.714714714714715,3.1431431431431434,1.070834619028491,0.034296081880131495,1.984313483298443
4.724724724724725,3.1498164831498165,1.071178750459523,0.034461514369279654,1.984313483298443
4.734734734734735,3.1564898231564897,1.07152454195896,0.03462776281257868,1.984313483298443
4.744744744744745,3.1631631631631634,1.0718720017009196,0.03479483113729491,1.984313483298443
4.754754754754755,3.1698365031698366,1.0722211379214823,0.034962723303930375,1.984313483298443
4.764764764764765,3.1765098431765098,1.0725719588859361,0.03513144328866426,1.984313483298443
4.774774774774775,3.1831831831831834,1.0729244728935192,0.03530099508587081,1.984313483298443
4.784784784784785,3.1898565231898566,1.0732786883034586,0.03547138272210103,1.984313483298443
4.794794794794795,3.1965298631965298,1.0736346134891614,0.03564261023150798,1.984313483298443
4.804804804804805,3.2032032032032034,1.0739922568874118,0.03581468168221385,1.984313483298443
4.814814814814815,3.2098765432098766,1.0743516269654578,0.035987601158684206,1.984313483298443
4.824824824824825,3.2165498832165498,1.074712732224929,0.03616137276380031,1.984313483298443
4.834834834834835,3.2232232232232234,1.0750755812294193,0.03633600063366489,1.984313483298443
4.844844844844845,3.2298965632298966,1.0754401825570545,0.03651148891216846,1.984313483298443
4.854854854854855,3.23656990323657,1.075806544850769,0.03668784177792795,1.984313483298443
4.864864864864865,3.2432432432432434,1.0761746767852722,0.03686506342660239,1.984313483298443
4.874874874874875,3.2499165832499166,1.0765445870700834,0.037043158072493886,1.984313483298443
4.884884884884885,3.25658992325659,1.0769162844787192,0.03722212996421217,1.984313483298443
4.894894894894895,3.2632632632632634,1.0772897777995962,0.03740198335835276,1.984313483298443
4.904904904904905,3.2699366032699366,1.0776650758873954,0.03758272254701943,1.984313483298443
4.914914914914915,3.27660994327661,1.0780421876299346,0.037764351840090964,1.984313483298443
4.924924924924925,3.2832832832832834,1.0784211219502724,0.03794687556632342,1.984313483298443
4.934934934934935,3.2899566232899566,1.0788018878375532,0.038130298089910024,1.984313483298443
4.944944944944945,3.29662996329663,1.079184494296209,0.03831462378324058,1.984313483298443
4.954954954954955,3.3033033033033035,1.0795689503984156,0.03849985705502048,1.984313483298443
4.964964964964965,3.3099766433099767,1.079955265250902,0.038686002332498776,1.984313483298443
4.974974974974975,3.31664998331665,1.0803434479960692,0.03887306406204324,1.984313483298443
4.984984984984985,3.3233233233233235,1.0807335078445517,0.039061046726633415,1.984313483298443
4.994994994994995,3.3299966633299967,1.0811254540226811,0.03924995481766983,1.984313483298443
5.005005005005005,3.33667000333667,1.081519295826034,0.03943979286370223,1.984313483298443
5.015015015015015,3.3433433433433435,1.081915042586214,0.0396305654126305,1.984313483298443
5.025025025025025,3.3500166833500167,1.0823127036709297,0.03982227703172185,1.984313483298443
5.035035035035035,3.35669002335669,1.0827122885183322,0.040014932326076995,1.984313483298443
5.045045045045045,3.3633633633633635,1.0831138065826984,0.040208535909456555,1.984313483298443
5.055055055055055,3.3700367033700367,1.0835172673890794,0.04040309243363122,1.984313483298443
5.065065065065065,3.37671004337671,1.0839226805000846,0.04059860657056788,1.984313483298443
5.075075075075075,3.3833833833833835,1.0843300555148616,0.04079508301185702,1.984313483298443
5.085085085085085,3.3900567233900567,1.0847394021052759,0.04099252648819347,1.984313483298443
5.095095095095095,3.39673006339673,1.0851507299597685,0.04119094173918624,1.984313483298443
5.105105105105105,3.4034034034034035,1.0855640488391078,0.041390333543343524,1.984313483298443
5.115115115115115,3.4100767434100767,1.0859793685432162,0.041590706700257475,1.984313483298443
5.125125125125125,3.41675008341675,1.0863966989089886,0.04179206602940794,1.984313483298443
5.135135135135135,3.4234234234234235,1.086816049848377,0.04199441639070138,1.984313483298443
5.145145145145145,3.4300967634300967,1.0872374312903839,0.04219776265322898,1.984313483298443
5.155155155155155,3.43677010343677,1.08766085323792,0.04240210972589947,1.984313483298443
5.165165165165165,3.4434434434434436,1.0880863257347073,0.042607462539637306,1.984313483298443
5.175175175175175,3.4501167834501167,1.088513858861878,0.04281382604552681,1.984313483298443
5.185185185185185,3.45679012345679,1.0889434627780297,0.04302120523645498,1.984313483298443
5.195195195195195,3.4634634634634636,1.0893751476593077,0.04322960511478127,1.984313483298443
5.205205205205205,3.4701368034701368,1.0898089237573774,0.04343903072363166,1.984313483298443
5.215215215215215,3.47681014347681,1.0902448013664365,0.043649487129125634,1.984313483298443
5.225225225225225,3.4834834834834836,1.0906827908185361,0.04386097941782341,1.984313483298443
5.235235235235235,3.4901568234901568,1.0911229025256677,0.04407351271951999,1.984313483298443
5.245245245245245,3.49683016349683,1.0915651469178986,0.04428709217378907,1.984313483298443
5.255255255255255,3.5035035035035036,1.0920095345024523,0.04450172296195135,1.984313483298443
5.265265265265265,3.510176843510177,1.092456075830879,0.0447174102893477,1.984313483298443
5.275275275275275,3.51685018351685,1.092904781493024,0.04493415938204929,1.984313483298443
5.285285285285285,3.5235235235235236,1.0933556621612261,0.045151975510853065,1.984313483298443
5.295295295295295,3.530196863530197,1.0938087285264515,0.045370863956660436,1.984313483298443
5.305305305305305,3.53687020353687,1.094263991358491,0.045590830043133246,1.984313483298443
5.315315315315315,3.5435435435435436,1.0947214614733274,0.045811879119031396,1.984313483298443
5.325325325325325,3.550216883550217,1.0951811497256863,0.04603401655414404,1.984313483298443
5.335335335335335,3.55689022355689,1.095643067055411,0.046257247764538593,1.984313483298443
5.345345345345345,3.5635635635635636,1.096107224421558,0.04648157817673352,1.984313483298443
5.355355355355355,3.570236903570237,1.096573632863705,0.04670701326105534,1.984313483298443
5.365365365365365,3.57691024357691,1.0970423034695627,0.046933558514060704,1.984313483298443
5.375375375375375,3.5835835835835836,1.0975132473660358,0.047161219453644126,1.984313483298443
5.385385385385385,3.590256923590257,1.097986475767851,0.04739000164559529,1.984313483298443
5.395395395395395,3.59693026359693,1.0984619999095626,0.04761991066652372,1.984313483298443
5.405405405405405,3.6036036036036037,1.0989398311079772,0.04785095213793018,1.984313483298443
5.415415415415415,3.610276943610277,1.099419980730052,0.048083131708734794,1.984313483298443
5.425425425425425,3.61695028361695,1.099902460182395,0.04831645504951415,1.984313483298443
5.435435435435435,3.6236236236236237,1.1003872809622213,0.04855092788042464,1.984313483298443
5.445445445445445,3.630296963630297,1.1008744545872207,0.048786555932834645,1.984313483298443
5.455455455455455,3.63697030363697,1.1013639926591,0.0490233449841242,1.984313483298443
5.465465465465465,3.6436436436436437,1.1018559068318163,0.04926130084034202,1.984313483298443
5.475475475475475,3.650316983650317,1.1023502087994381,0.049500429329522644,1.984313483298443
5.485485485485485,3.65699032365699,1.1028469103495109,0.04974073633103557,1.984313483298443
5.495495495495495,3.6636636636636637,1.1033460232907382,0.04998222773587975,1.984313483298443
5.505505505505505,3.670337003670337,1.103847559517637,0.05022490948222457,1.984313483298443
5.515515515515515,3.67701034367701,1.1043515309791614,0.05046878753822114,1.984313483298443
5.525525525525525,3.6836836836836837,1.104857949664844,0.050713867894346676,1.984313483298443
5.535535535535535,3.690357023690357,1.1053668276606492,0.05096015659424275,1.984313483298443
5.545545545545545,3.69703036369703,1.1058781770744206,0.05120765969362445,1.984313483298443
5.555555555555555,3.7037037037037037,1.106392010101648,0.05145638329657635,1.984313483298443
5.565565565565565,3.710377043710377,1.1069083389945342,0.05170633353854464,1.984313483298443
5.575575575575575,3.71705038371705,1.1074271760463321,0.05195751657765371,1.984313483298443
5.585585585585585,3.7237237237237237,1.1079485336497734,0.05220993862709914,1.984313483298443
5.595595595595595,3.730397063730397,1.1084724242202295,0.052463605912622654,1.984313483298443
5.605605605605605,3.73707040373707,1.1089988602625866,0.052718524709576144,1.984313483298443
5.615615615615615,3.7437437437437437,1.1095278543408127,0.05297470132612385,1.984313483298443
5.625625625625625,3.750417083750417,1.1100594190604058,0.05323214209347234,1.984313483298443
5.635635635635635,3.75709042375709,1.110593567129482,0.053490853399887524,1.984313483298443
5.645645645645645,3.7637637637637638,1.1111303112796,0.05375084164668435,1.984313483298443
5.655655655655655,3.770437103770437,1.1116696643337396,0.05401211328607199,1.984313483298443
5.665665665665665,3.77711044377711,1.112211639176429,0.05427467480459728,1.984313483298443
5.675675675675675,3.7837837837837838,1.1127562487342124,0.05453853271222623,1.984313483298443
5.685685685685685,3.790457123790457,1.1133035060394905,0.0548036935780573,1.984313483298443
5.6956956956956954,3.79713046379713,1.1138534241489528,0.05507016398477325,1.984313483298443
5.7057057057057055,3.803803803803804,1.1144060162126557,0.05533795056728003,1.984313483298443
5.7157157157157155,3.810477143810477,1.114961295444771,0.055607059996425214,1.984313483298443
5.7257257257257255,3.81715048381715,1.1155192751019838,0.05587749896686578,1.984313483298443
5.7357357357357355,3.823823823823824,1.1160799685501723,0.05614927423455298,1.984313483298443
5.7457457457457455,3.830497163830497,1.1166433891803964,0.05642239256959212,1.984313483298443
5.7557557557557555,3.83717050383717,1.1172095504790713,0.0566968607956872,1.984313483298443
5.7657657657657655,3.843843843843844,1.1177784659993997,0.056972685774170743,1.984313483298443
5.7757757757757755,3.850517183850517,1.118350149337604,0.0572498743905887,1.984313483298443
5.7857857857857855,3.85719052385719,1.118924614202541,0.05752843359403599,1.984313483298443
5.7957957957957955,3.863863863863864,1.1195018743291927,0.05780837034836791,1.984313483298443
5.8058058058058055,3.870537203870537,1.120081943549925,0.05808969167246211,1.984313483298443
5.8158158158158155,3.87721054387721,1.1206648357666764,0.05837240462459901,1.984313483298443
5.8258258258258255,3.883883883883884,1.1212505649249205,0.058656516287690905,1.984313483298443
5.8358358358358355,3.890557223890557,1.1218391450863152,0.058942033810550507,1.984313483298443
5.8458458458458455,3.89723056389723,1.1224305903396392,0.05922896435739618,1.984313483298443
5.8558558558558556,3.903903903903904,1.123024914873129,0.059517315148942034,1.984313483298443
5.865865865865866,3.910577243910577,1.1236221329474931,0.059807093447171,1.984313483298443
5.875875875875876,3.9172505839172502,1.1242222588675017,0.06009830653913138,1.984313483298443
5.885885885885886,3.923923923923924,1.124825307057773,0.060390961780224045,1.984313483298443
5.895895895895896,3.930597263930597,1.125431291971096,0.060685066541942265,1.984313483298443
5.905905905905906,3.9372706039372702,1.1260402281618374,0.06098062825379952,1.984313483298443
5.915915915915916,3.943943943943944,1.1266521302598564,0.061277654388540694,1.984313483298443
5.925925925925926,3.950617283950617,1.1272670129396127,0.0615761524444251,1.984313483298443
5.935935935935936,3.9572906239572903,1.127884890999193,0.06187612999062137,1.984313483298443
5.945945945945946,3.963963963963964,1.128505779265966,0.0621775946131214,1.984313483298443
5.955955955955956,3.970637303970637,1.1291296926710437,0.062480553957514,1.984313483298443
5.965965965965966,3.9773106439773103,1.1297566462241775,0.06278501571468337,1.984313483298443
5.975975975975976,3.983983983983984,1.1303866549802712,0.06309098760149309,1.984313483298443
5.985985985985986,3.990657323990657,1.1310197341217574,0.06339847740838143,1.984313483298443
5.995995995995996,3.9973306639973303,1.1316558988615226,0.06370749294338736,1.984313483298443
6.006006006006006,4.0040040040040035,1.1322951645184103,0.0640180420757769,1.984313483298443
6.016016016016016,4.010677344010677,1.1329375464931846,0.06433013272228143,1.984313483298443
6.026026026026026,4.017350684017351,1.133583060232326,0.06464377282609338,1.984313483298443
6.036036036036036,4.0240240240240235,1.134231721313873,0.06495897040675692,1.984313483298443
6.046046046046046,4.030697364030697,1.1348835453475552,0.06527573350224407,1.984313483298443
6.056056056056056,4.037370704037371,1.1355385480513234,0.06559407021343809,1.984313483298443
6.066066066066066,4.0440440440440435,1.136196745228467,0.06591398869096844,1.984313483298443
6.076076076076076,4.050717384050717,1.1368581527285746,0.06623549711242398,1.984313483298443
6.086086086086086,4.057390724057391,1.137522786536948,0.06655860373463779,1.984313483298443
6.096096096096096,4.0640640640640635,1.1381906626718894,0.06688331683375008,1.984313483298443
6.106106106106106,4.070737404070737,1.1388617972622384,0.06720964475055109,1.984313483298443
6.116116116116116,4.077410744077411,1.1395362065257362,0.06753759587797353,1.984313483298443
6.126126126126126,4.0840840840840835,1.1402139067270205,0.06786717863642486,1.984313483298443
6.136136136136136,4.090757424090757,1.1408949142707348,0.06819840152856729,1.984313483298443
6.146146146146146,4.097430764097431,1.1415792455959042,0.06853127307730451,1.984313483298443
6.156156156156156,4.1041041041041035,1.1422669172544622,0.06886580187198355,1.984313483298443
6.166166166166166,4.110777444110777,1.1429579458909571,0.06920199655660983,1.984313483298443
6.176176176176176,4.117450784117451,1.1436523481974488,0.06953986580319607,1.984313483298443
6.186186186186186,4.1241241241241235,1.144350141010435,0.06987941836914043,1.984313483298443
6.196196196196196,4.130797464130797,1.1450513412022567,0.07022066303307471,1.984313483298443
6.206206206206206,4.137470804137471,1.1457559657605858,0.07056360864192111,1.984313483298443
6.216216216216216,4.144144144144144,1.1464640317695818,0.07090826409989996,1.984313483298443
6.226226226226226,4.150817484150817,1.1471755563615502,0.07125463833978844,1.984313483298443
6.236236236236236,4.157490824157491,1.14789055681781,0.07160274038300099,1.984313483298443
6.246246246246246,4.164164164164164,1.1486090504570676,0.07195257927323874,1.984313483298443
6.256256256256256,4.170837504170837,1.1493310547158408,0.07230416412439243,1.984313483298443
6.266266266266266,4.177510844177511,1.1500565871311705,0.07265750411041777,1.984313483298443
6.276276276276276,4.184184184184184,1.150785665288899,0.07301260843439356,1.984313483298443
6.286286286286286,4.190857524190857,1.1515183069286081,0.07336948639140894,1.984313483298443
6.296296296296296,4.197530864197531,1.1522545298288962,0.07372814729995616,1.984313483298443
6.306306306306306,4.204204204204204,1.1529943518887125,0.074088600550666,1.984313483298443
6.316316316316316,4.210877544210877,1.1537377911117372,0.07445085559713083,1.984313483298443
6.326326326326326,4.217550884217551,1.1544848655511277,0.07481492192264819,1.984313483298443
6.336336336336336,4.224224224224224,1.1552355934186602,0.07518080910601906,1.984313483298443
6.346346346346346,4.230897564230897,1.155989992966851,0.07554852675062936,1.984313483298443
6.356356356356356,4.237570904237571,1.1567480825711631,0.07591808453399884,1.984313483298443
6.366366366366366,4.244244244244244,1.1575098807161788,0.07628949219963642,1.984313483298443
6.376376376376376,4.250917584250917,1.1582754059366558,0.0766627595213533,1.984313483298443
6.386386386386386,4.257590924257591,1.1590446769310074,0.07703789637207366,1.984313483298443
6.396396396396396,4.264264264264264,1.1598177124402091,0.07741491265055592,1.984313483298443
6.406406406406406,4.270937604270937,1.160594531330838,0.0777938183317289,1.984313483298443
6.416416416416417,4.277610944277611,1.1613751525831637,0.07817462345966916,1.984313483298443
6.426426426426427,4.2842842842842845,1.1621595952283548,0.07855733810936592,1.984313483298443
6.436436436436437,4.290957624290958,1.1629478784664347,0.07894197245864176,1.984313483298443
6.446446446446447,4.297630964297631,1.1637400215419125,0.0793285367124718,1.984313483298443
6.456456456456457,4.3043043043043046,1.1645360438276144,0.07971704115407223,1.984313483298443
6.466466466466467,4.310977644310978,1.1653359648148265,0.08010749613909471,1.984313483298443
6.476476476476477,4.317650984317651,1.1661398040464814,0.08049991205472525,1.984313483298443
6.486486486486487,4.324324324324325,1.1669475812397325,0.08089429939480547,1.984313483298443
6.496496496496497,4.330997664330998,1.1677593161582496,0.0812906686817172,1.984313483298443
6.506506506506507,4.337671004337671,1.1685750286967962,0.08168903051817966,1.984313483298443
6.516516516516517,4.344344344344345,1.1693947388735622,0.08208939558275968,1.984313483298443
6.526526526526527,4.351017684351018,1.1702184667591575,0.08249177458618828,1.984313483298443
6.536536536536537,4.357691024357691,1.1710462326039497,0.0828961783497641,1.984313483298443
6.546546546546547,4.364364364364365,1.171878056706965,0.08330261772478269,1.984313483298443
6.556556556556557,4.371037704371038,1.172713959501162,0.083711103644987,1.984313483298443
6.566566566566567,4.377711044377711,1.173553961548095,0.08412164712349654,1.984313483298443
6.576576576576577,4.384384384384385,1.1743980834625443,0.08453425920622944,1.984313483298443
6.586586586586587,4.391057724391058,1.1752463460447506,0.08494895105365598,1.984313483298443
6.596596596596597,4.397731064397731,1.1760987701458798,0.08536573385776722,1.984313483298443
6.606606606606607,4.404404404404405,1.1769553767539214,0.08578461889511059,1.984313483298443
6.616616616616617,4.411077744411078,1.1778161869908481,0.08620561752524433,1.984313483298443
6.626626626626627,4.417751084417751,1.1786812220326899,0.08662874114115914,1.984313483298443
6.636636636636637,4.424424424424425,1.1795505032468145,0.08705400125443226,1.984313483298443
6.646646646646647,4.431097764431098,1.1804240520539022,0.08748140940974927,1.984313483298443
6.656656656656657,4.437771104437771,1.1813018900144083,0.08791097723844157,1.984313483298443
6.666666666666667,4.444444444444445,1.1821840388283746,0.08834271645857383,1.984313483298443
6.676676676676677,4.451117784451118,1.1830705202507625,0.08877663882227031,1.984313483298443
6.686686686686687,4.457791124457791,1.1839613562339177,0.0892127562042966,1.984313483298443
6.696696696696697,4.464464464464465,1.1848565687860193,0.08965108051417174,1.984313483298443
6.706706706706707,4.471137804471138,1.1857561800580223,0.09009162375010744,1.984313483298443
6.716716716716717,4.477811144477811,1.1866602123462962,0.0905343980008364,1.984313483298443
6.726726726726727,4.484484484484485,1.1875686880030216,0.09097941538976309,1.984313483298443
6.736736736736737,4.491157824491158,1.1884816295839808,0.09142668816697082,1.984313483298443
6.746746746746747,4.497831164497831,1.189399059703442,0.09187622861898989,1.984313483298443
6.756756756756757,4.504504504504505,1.1903210011215037,0.09232804912301902,1.984313483298443
6.766766766766767,4.511177844511178,1.1912474767497283,0.09278216215060006,1.984313483298443
6.776776776776777,4.517851184517851,1.192178509556412,0.09323858020853334,1.984313483298443
6.786786786786787,4.524524524524525,1.1931141227198363,0.09369731593427069,1.984313483298443
6.796796796796797,4.531197864531198,1.1940543394795602,0.09415838200344002,1.984313483298443
6.806806806806807,4.537871204537871,1.194999183224068,0.094621791184207,1.984313483298443
6.816816816816817,4.544544544544545,1.1959486774995873,0.09508755634289642,1.984313483298443
6.826826826826827,4.551217884551218,1.1969028459100302,0.09555569038164019,1.984313483298443
6.836836836836837,4.557891224557891,1.197861712275835,0.09602620633706928,1.984313483298443
6.846846846846847,4.564564564564565,1.1988253004816543,0.09649911728573751,1.984313483298443
6.856856856856857,4.571237904571238,1.1997936345641935,0.09697443639845688,1.984313483298443
6.866866866866867,4.577911244577911,1.200766738724407,0.09745217694795548,1.984313483298443
6.876876876876877,4.584584584584585,1.2017446372219134,0.09793235224326305,1.984313483298443
6.886886886886887,4.591257924591258,1.2027273545395476,0.09841497573155632,1.984313483298443
6.896896896896897,4.597931264597931,1.2037149152274362,0.09890006090167529,1.984313483298443
6.906906906906907,4.604604604604605,1.2047073439909168,0.09938762133823732,1.984313483298443
6.916916916916917,4.611277944611278,1.2057046657063013,0.09987767073140681,1.984313483298443
6.926926926926927,4.617951284617951,1.2067069053095671,0.10037022280807059,1.984313483298443
6.936936936936937,4.624624624624625,1.2077140879667378,0.10086529143661765,1.984313483298443
6.946946946946947,4.631297964631298,1.2087262389143503,0.10136289052880314,1.984313483298443
6.956956956956957,4.637971304637971,1.2097433835473224,0.1018630340934144,1.984313483298443
6.966966966966967,4.644644644644645,1.2107655474384817,0.10236573624820494,1.984313483298443
6.976976976976977,4.651317984651318,1.2117927562213524,0.10287101114797423,1.984313483298443
6.986986986986987,4.657991324657991,1.2128250357664432,0.10337887309197148,1.984313483298443
6.996996996996997,4.664664664664665,1.2138624120181447,0.10388933642443675,1.984313483298443
7.007007007007007,4.671338004671338,1.2149049110823953,0.10440241558755628,1.984313483298443
7.017017017017017,4.678011344678011,1.215952559250179,0.10491812513558271,1.984313483298443
7.027027027027027,4.684684684684685,1.2170053828742218,0.10543647966001132,1.984313483298443
7.037037037037037,4.691358024691358,1.2180634085512665,0.10595749389918656,1.984313483298443
7.047047047047047,4.698031364698031,1.219126662955447,0.10648118263793759,1.984313483298443
7.057057057057057,4.704704704704705,1.2201951729255835,0.10700756075952157,1.984313483298443
7.067067067067067,4.711378044711378,1.221268965492864,0.10753664326190844,1.984313483298443
7.077077077077077,4.718051384718051,1.2223480677512724,0.1080684451803455,1.984313483298443
7.087087087087087,4.724724724724725,1.223432507045899,0.10860298169860803,1.984313483298443
7.097097097097097,4.7313980647313985,1.2245223108028669,0.1091402680482527,1.984313483298443
7.107107107107107,4.738071404738071,1.2256175066160808,0.10968031955920314,1.984313483298443
7.117117117117117,4.744744744744745,1.2267181222792807,0.11022315167812166,1.984313483298443
7.127127127127127,4.7514180847514185,1.2278241856500671,0.11076877988877708,1.984313483298443
7.137137137137137,4.758091424758091,1.228935724844247,0.11131721982421484,1.984313483298443
7.147147147147147,4.764764764764765,1.230052768062427,0.11186848716627688,1.984313483298443
7.157157157157157,4.7714381047714385,1.2311753436760087,0.11242259769443623,1.984313483298443
7.167167167167167,4.778111444778111,1.232303480263816,0.11297956730610301,1.984313483298443
7.177177177177177,4.784784784784785,1.23343720646959,0.11353941193536542,1.984313483298443
7.187187187187187,4.7914581247914585,1.2345765512023388,0.11410214766515159,1.984313483298443
7.197197197197197,4.798131464798131,1.2357215434597435,0.11466779062781374,1.984313483298443
7.207207207207207,4.804804804804805,1.2368722124131786,0.11523635705176688,1.984313483298443
7.217217217217217,4.8114781448114785,1.2380285874490942,0.115807863283479,1.984313483298443
7.227227227227227,4.818151484818151,1.2391906980339167,0.11638232571283459,1.984313483298443
7.237237237237237,4.824824824824825,1.2403585738579974,0.11695976085085455,1.984313483298443
7.247247247247247,4.8314981648314985,1.2415322447617998,0.11754018528868827,1.984313483298443
7.257257257257257,4.838171504838171,1.242711740751424,0.11812361570522192,1.984313483298443
7.267267267267267,4.844844844844845,1.2438970919997068,0.11871006886679078,1.984313483298443
7.277277277277277,4.8515181848515185,1.2450883288483725,0.11929956162736714,1.984313483298443
7.287287287287287,4.858191524858191,1.2462854818095144,0.1198921109283184,1.984313483298443
7.297297297297297,4.864864864864865,1.247488581564717,0.12048773379691584,1.984313483298443
7.307307307307307,4.8715382048715385,1.2486976589657486,0.12108644734562483,1.984313483298443
7.317317317317317,4.878211544878211,1.24991274503543,0.12168826877143235,1.984313483298443
7.327327327327327,4.884884884884885,1.251133870969848,0.12229321535574647,1.984313483298443
7.337337337337337,4.891558224891559,1.2523610681396964,0.12290130446376926,1.984313483298443
7.347347347347347,4.898231564898231,1.2535943680893484,0.12351255354273676,1.984313483298443
7.357357357357357,4.904904904904905,1.2548338025375274,0.12412698012089513,1.984313483298443
7.367367367367367,4.911578244911579,1.2560794033781413,0.12474460180649116,1.984313483298443
7.377377377377377,4.918251584918251,1.2573312026825438,0.12536543628729496,1.984313483298443
7.387387387387387,4.924924924924925,1.2585892327007058,0.12598950132951298,1.984313483298443
7.397397397397397,4.931598264931599,1.2598535258602295,0.12661681477570114,1.984313483298443
7.407407407407407,4.938271604938271,1.2611241147669794,0.12724739454334943,1.984313483298443
7.4174174174174174,4.944944944944945,1.262401032205863,0.12788125862345415,1.984313483298443
7.4274274274274275,4.951618284951619,1.2636843111431217,0.12851842507955621,1.984313483298443
7.4374374374374375,4.958291624958291,1.2649739847272956,0.12915891204610752,1.984313483298443
7.4474474474474475,4.964964964964965,1.2662700862881753,0.12980273772598594,1.984313483298443
7.4574574574574575,4.971638304971639,1.2675726493373614,0.1304499203885943,1.984313483298443
7.4674674674674675,4.978311644978311,1.268881707568978,0.13110047836791708,1.984313483298443
7.4774774774774775,4.984984984984985,1.270197294861955,0.13175443006094162,1.984313483298443
7.4874874874874875,4.991658324991659,1.2715194452807639,0.1324117939253786,1.984313483298443
7.4974974974974975,4.998331664998331,1.2728481930742792,0.1330725884766901,1.984313483298443
7.5075075075075075,5.005005005005005,1.2741835726762474,0.13373683228559113,1.984313483298443
7.5175175175175175,5.011678345011679,1.275525618705898,0.13440454397547186,1.984313483298443
7.5275275275275275,5.018351685018351,1.2768743659701884,0.13507574222004143,1.984313483298443
7.5375375375375375,5.025025025025025,1.2782298494642648,0.1357504457402862,1.984313483298443
7.5475475475475475,5.031698365031699,1.279592104370218,0.136428673300904,1.984313483298443
7.5575575575575575,5.038371705038371,1.2809611660574216,0.13711044370707257,1.984313483298443
7.5675675675675675,5.045045045045045,1.2823370700830115,0.1377957758010943,1.984313483298443
7.5775775775775776,5.051718385051719,1.2837198521940427,0.13848468845906786,1.984313483298443
7.587587587587588,5.058391725058391,1.2851095483276374,0.13917720058694993,1.984313483298443
7.597597597597598,5.065065065065065,1.2865061946096006,0.13987333111626502,1.984313483298443
7.607607607607608,5.071738405071739,1.2879098273545901,0.14057309899997814,1.984313483298443
7.617617617617618,5.078411745078411,1.289320483066422,0.14127652320818943,1.984313483298443
7.627627627627628,5.085085085085085,1.2907381984400792,0.141983622723598,1.984313483298443
7.637637637637638,5.091758425091759,1.2921630103615,0.1426944165365127,1.984313483298443
7.647647647647648,5.098431765098431,1.293594955906018,0.14340892363967708,1.984313483298443
7.657657657657658,5.105105105105105,1.2950340723383098,0.1441271630230527,1.984313483298443
7.667667667667668,5.111778445111779,1.2964803971124752,0.14484915366835477,1.984313483298443
7.677677677677678,5.1184517851184514,1.2979339678738324,0.14557491454302496,1.984313483298443
7.687687687687688,5.125125125125125,1.2993948224582839,0.14630446459401172,1.984313483298443
7.697697697697698,5.131798465131799,1.3008629988905367,0.14703782274151675,1.984313483298443
7.707707707707708,5.1384718051384715,1.3023385353837666,0.1477750078724567,1.984313483298443
7.717717717717718,5.145145145145145,1.3038214703394144,0.14851603883358783,1.984313483298443
7.727727727727728,5.151818485151819,1.305311842348672,0.1492609344236486,1.984313483298443
7.737737737737738,5.1584918251584915,1.3068096901913668,0.15000971338570185,1.984313483298443
7.747747747747748,5.165165165165165,1.3083150528339051,0.15076239439956715,1.984313483298443
7.757757757757758,5.171838505171839,1.309827969428578,0.15151899607368446,1.984313483298443
7.767767767767768,5.1785118451785115,1.3113484793129921,0.15227953693652463,1.984313483298443
7.777777777777778,5.185185185185185,1.3128766220111492,0.15304403542649514,1.984313483298443
7.787787787787788,5.191858525191859,1.3144124372317672,0.15381250988260387,1.984313483298443
7.797797797797798,5.1985318651985315,1.3159559648658794,0.15458497853529313,1.984313483298443
7.807807807807808,5.205205205205205,1.3175072449856888,0.15536145949637517,1.984313483298443
7.817817817817818,5.211878545211879,1.3190663178435493,0.15614197074836358,1.984313483298443
7.827827827827828,5.2185518852185515,1.3206332238724934,0.15692653013165767,1.984313483298443
7.837837837837838,5.225225225225225,1.322208003683922,0.1577151553332495,1.984313483298443
7.847847847847848,5.231898565231899,1.323790698064758,0.15850786387561638,1.984313483298443
7.857857857857858,5.2385719052385715,1.3253813479757506,0.15930467310433563,1.984313483298443
7.867867867867868,5.245245245245245,1.3269799945498855,0.16010560017489764,1.984313483298443
7.877877877877878,5.251918585251919,1.3285866790922132,0.16091066203659335,1.984313483298443
7.887887887887888,5.2585919252585915,1.3302014430767999,0.16171987541894203,1.984313483298443
7.897897897897898,5.265265265265265,1.3318243281433342,0.16253325681822847,1.984313483298443
7.907907907907908,5.271938605271939,1.3334553760947514,0.1633508224823305,1.984313483298443
7.917917917917918,5.2786119452786116,1.33509462889493,0.1641725883944867,1.984313483298443
7.927927927927928,5.285285285285285,1.3367421286676369,0.164998570253204,1.984313483298443
7.937937937937938,5.291958625291959,1.3383979176926255,0.16582878345603227,1.984313483298443
7.947947947947948,5.298631965298632,1.340062038401562,0.16666324308324937,1.984313483298443
7.957957957957958,5.305305305305305,1.3417345333748139,0.16750196387934793,1.984313483298443
7.967967967967968,5.311978645311979,1.34341544533827,0.16834496023312417,1.984313483298443
7.977977977977978,5.318651985318652,1.345104817161172,0.16919224615279954,1.984313483298443
7.987987987987988,5.325325325325325,1.3468026918512277,0.17004383524670788,1.984313483298443
7.997997997997998,5.331998665331999,1.3485091125497017,0.17089974070353206,1.984313483298443
8.008008008008009,5.3386720053386725,1.3502241225271803,0.17175997526979467,1.984313483298443
8.018018018018019,5.345345345345346,1.35194776517931,0.17262455122550774,1.984313483298443
8.028028028028029,5.352018685352019,1.353680084023244,0.17349348035355916,1.984313483298443
8.038038038038039,5.3586920253586925,1.355421122691629,0.1743667739168071,1.984313483298443
8.048048048048049,5.365365365365366,1.3571709249266528,0.17524444263415614,1.984313483298443
8.058058058058059,5.372038705372039,1.3589295345745707,0.17612649665327468,1.984313483298443
8.068068068068069,5.3787120453787125,1.360696995580116,0.17701294552089608,1.984313483298443
8.078078078078079,5.385385385385386,1.3624733519812413,0.17790379814535434,1.984313483298443
8.088088088088089,5.392058725392059,1.3642586479017986,0.17879906276949808,1.984313483298443
8.098098098098099,5.3987320653987325,1.3660529275443125,0.17969874694175558,1.984313483298443
8.108108108108109,5.405405405405406,1.367856235183003,0.18060285748316174,1.984313483298443
8.118118118118119,5.412078745412079,1.3696686151565685,0.18151140045121933,1.984313483298443
8.128128128128129,5.4187520854187525,1.371490111860843,0.1824243810942813,1.984313483298443
8.138138138138139,5.425425425425426,1.3733207697399656,0.1833418038195974,1.984313483298443
8.148148148148149,5.432098765432099,1.3751606332775932,0.18426367215835568,1.984313483298443
8.158158158158159,5.4387721054387725,1.3770097469881082,0.18518998872593653,1.984313483298443
8.168168168168169,5.445445445445446,1.3788681554074074,0.18612075517802892,1.984313483298443
8.178178178178179,5.452118785452119,1.3807359030830348,0.18705597215534014,1.984313483298443
8.188188188188189,5.4587921254587926,1.3826130345635996,0.18799563924597215,1.984313483298443
8.198198198198199,5.465465465465466,1.3844995943880796,0.18893975494323775,1.984313483298443
8.208208208208209,5.472138805472139,1.386395627074849,0.18988831659786556,1.984313483298443
8.218218218218219,5.478812145478813,1.3883011771100324,0.19084132036481094,1.984313483298443
8.228228228228229,5.485485485485486,1.3902162889345901,0.19179876113652952,1.984313483298443
8.238238238238239,5.492158825492159,1.3921410069317035,0.1927606324987417,1.984313483298443
8.248248248248249,5.498832165498833,1.3940753754137574,0.19372692667960076,1.984313483298443
8.258258258258259,5.505505505505506,1.3960194386087468,0.1946976344923468,1.984313483298443
8.268268268268269,5.512178845512179,1.3979732406456684,0.1956727452709476,1.984313483298443
8.278278278278279,5.518852185518853,1.3999368255379472,0.19665224678989823,1.984313483298443
8.288288288288289,5.525525525525526,1.4019102371684546,0.19763612521226598,1.984313483298443
8.298298298298299,5.532198865532199,1.4038935192736837,0.19862436502852973,1.984313483298443
8.308308308308309,5.538872205538873,1.4058867154270067,0.19961694898791887,1.984313483298443
8.318318318318319,5.545545545545546,1.407889869020469,0.20061385802065793,1.984313483298443
8.328328328328329,5.552218885552219,1.4099030232438488,0.20161507114194585,1.984313483298443
8.338338338338339,5.558892225558893,1.4119262210669126,0.2026205653909763,1.984313483298443
8.348348348348349,5.565565565565566,1.4139595052201936,0.20363031575746934,1.984313483298443
8.358358358358359,5.572238905572239,1.416002918174492,0.2046442950996238,1.984313483298443
8.368368368368369,5.578912245578913,1.4180565021182947,0.20566247405031274,1.984313483298443
8.378378378378379,5.585585585585586,1.4201202989316495,0.20668482090255252,1.984313483298443
8.388388388388389,5.592258925592259,1.4221943501651895,0.20771130153795592,1.984313483298443
8.398398398398399,5.598932265598933,1.4242786970168213,0.20874187933863153,1.984313483298443
8.408408408408409,5.605605605605606,1.426373380306734,0.20977651508932255,1.984313483298443
8.418418418418419,5.612278945612279,1.4284784404495254,0.21081516686439755,1.984313483298443
8.428428428428429,5.618952285618953,1.4305939174219373,0.21185778989172882,1.984313483298443
8.438438438438439,5.625625625625626,1.4327198507380987,0.21290433646876258,1.984313483298443
8.448448448448449,5.632298965632299,1.434856279421294,0.21395475585705903,1.984313483298443
8.458458458458459,5.638972305638973,1.4370032419736218,0.2150089941657741,1.984313483298443
8.468468468468469,5.645645645645646,1.439160776341721,0.21606699421570388,1.984313483298443
8.478478478478479,5.652318985652319,1.441328919873374,0.21712869535641055,1.984313483298443
8.488488488488489,5.658992325658993,1.4435077093036826,0.2181940334537747,1.984313483298443
8.498498498498499,5.665665665665666,1.4456971807011587,0.21926294065170654,1.984313483298443
8.508508508508509,5.672339005672339,1.4478973694362505,0.22033534526588605,1.984313483298443
8.518518518518519,5.679012345679013,1.4501083101424286,0.22141117163740948,1.984313483298443
8.528528528528529,5.685685685685686,1.4523300366758665,0.22249033998189074,1.984313483298443
8.538538538538539,5.692359025692359,1.4545625820734565,0.2235727662325963,1.984313483298443
8.548548548548549,5.699032365699033,1.4568059785080194,0.22465836187200477,1.984313483298443
8.558558558558559,5.705705705705706,1.4590602572419384,0.22574703375865113,1.984313483298443
8.568568568568569,5.712379045712379,1.4613254485818499,0.2268386839619597,1.984313483298443
8.578578578578579,5.719052385719053,1.4636015818301258,0.22793320958349367,1.984313483298443
8.588588588588589,5.725725725725726,1.4658886852343358,0.22903050257104116,1.984313483298443
8.598598598598599,5.732399065732399,1.468186785933395,0.23013044951951653,1.984313483298443
8.608608608608609,5.739072405739073,1.4704959099015409,0.2312329314647434,1.984313483298443
8.618618618618619,5.745745745745746,1.4728160818940412,0.23233782368815467,1.984313483298443
8.62862862862863,5.752419085752419,1.4751473253889815,0.23344499550542866,1.984313483298443
8.63863863863864,5.759092425759093,1.477489662526597,0.2345543100464909,1.984313483298443
8.64864864864865,5.765765765765766,1.4798431140447272,0.23566562402058483,1.984313483298443
8.65865865865866,5.772439105772439,1.4822076992113005,0.2367787874711258,1.984313483298443
8.66866866866867,5.779112445779113,1.4845834357594145,0.23789364354503426,1.984313483298443
8.67867867867868,5.785785785785786,1.4869703398176781,0.2390100282432489,1.984313483298443
8.68868868868869,5.792459125792459,1.4893684258375617,0.2401277701607927,1.984313483298443
8.6986986986987,5.799132465799133,1.4917777065162565,0.24124669021001727,1.984313483298443
8.70870870870871,5.805805805805806,1.4941981927155175,0.24236660132971793,1.984313483298443
8.71871871871872,5.812479145812479,1.49662989338417,0.24348730821297826,1.984313483298443
8.72872872872873,5.819152485819153,1.4990728154749675,0.24460860701319292,1.984313483298443
8.73873873873874,5.825825825825826,1.5015269638578002,0.24573028503740668,1.984313483298443
8.74874874874875,5.832499165832499,1.5039923412277274,0.24685212042078591,1.984313483298443
8.75875875875876,5.839172505839173,1.5064689480076687,0.24797388178210605,1.984313483298443
8.76876876876877,5.845845845845846,1.508956782256046,0.24909532790294328,1.984313483298443
8.77877877877878,5.852519185852519,1.5114558395677857,0.2502162073818599,1.984313483298443
8.78878878878879,5.859192525859193,1.51396611297085,0.2513362582731374,1.984313483298443
8.7987987987988,5.8658658658658664,1.5164875928168495,0.2524552077044261,1.984313483298443
8.80880880880881,5.872539205872539,1.5190202666646475,0.25357277146948504,1.984313483298443
8.81881881881882,5.879212545879213,1.5215641191704399,0.25468865365032883,1.984313483298443
8.82882882882883,5.8858858858858865,1.5241191319701473,0.25580254621110166,1.984313483298443
8.83883883883884,5.892559225892559,1.5266852835563085,0.2569141285730679,1.984313483298443
8.84884884884885,5.899232565899233,1.5292625491482412,0.2580230671661062,1.984313483298443
8.85885885885886,5.9059059059059065,1.5318509005531584,0.25912901494817436,1.984313483298443
8.86886886886887,5.912579245912579,1.5344503060354955,0.26023161096056563,1.984313483298443
8.87887887887888,5.919252585919253,1.5370607301774946,0.2613304798516992,1.984313483298443
8.88888888888889,5.9259259259259265,1.5396821337330144,0.2624252313777713,1.984313483298443
8.8988988988989,5.932599265932599,1.5423144734737029,0.2635154598772507,1.984313483298443
8.90890890890891,5.939272605939273,1.5449577020236656,0.26460074370493314,1.984313483298443
8.91891891891892,5.9459459459459465,1.5476117677042904,0.2656806447087263,1.984313483298443
8.92892892892893,5.952619285952619,1.5502766143693183,0.2667547076720812,1.984313483298443
8.93893893893894,5.959292625959293,1.5529521812315439,0.2678224597279954,1.984313483298443
8.94894894894895,5.9659659659659665,1.5556384026808745,0.26888340974389674,1.984313483298443
8.95895895895896,5.972639305972639,1.5583352080879787,0.26993704765627974,1.984313483298443
8.96896896896897,5.979312645979313,1.5610425216201695,0.2709828438553764,1.984313483298443
8.97897897897898,5.9859859859859865,1.5637602620466702,0.2720202485331852,1.984313483298443
8.98898898898899,5.992659325992659,1.5664883425335216,0.27304869099649903,1.984313483298443
8.998998998999,5.999332665999333,1.5692266704287217,0.27406757894748207,1.984313483298443
9.00900900900901,6.0060060060060065,1.5719751470295389,0.2750762977026495,1.984313483298443
9.01901901901902,6.012679346012679,1.5747336673642391,0.27607420946934486,1.984313483298443
9.02902902902903,6.019352686019353,1.5775021199625672,0.27706065258420787,1.984313483298443
9.03903903903904,6.0260260260260265,1.580280386613403,0.27803494070849427,1.984313483298443
9.04904904904905,6.032699366032699,1.5830683421113745,0.27899636198716327,1.984313483298443
9.05905905905906,6.039372706039373,1.5858658539816808,0.2799441781333066,1.984313483298443
9.06906906906907,6.046046046046047,1.5886727822215156,0.28087762357741586,1.984313483298443
9.07907907907908,6.052719386052719,1.5914889790299862,0.2817959045785729,1.984313483298443
9.08908908908909,6.059392726059393,1.594314288522152,0.2826981982824372,1.984313483298443
9.0990990990991,6.066066066066067,1.5971485464277242,0.28358365172847266,1.984313483298443
9.10910910910911,6.072739406072739,1.5999915797706992,0.28445138079371274,1.984313483298443
9.11911911911912,6.079412746079413,1.602843206571557,0.2853004692215997,1.984313483298443
9.12912912912913,6.086086086086087,1.605703235514614,0.28612996753060577,1.984313483298443
9.13913913913914,6.092759426092759,1.608571465605265,0.2869388918916059,1.984313483298443
9.14914914914915,6.099432766099433,1.6114476858292146,0.28772622301676737,1.984313483298443
9.15915915915916,6.106106106106107,1.614331674782193,0.28849090494855234,1.984313483298443
9.16916916916917,6.112779446112779,1.6172232003031215,0.2892318438655627,1.984313483298443
9.17917917917918,6.119452786119453,1.620122019088792,0.2899479068277109,1.984313483298443
9.18918918918919,6.126126126126127,1.623027876289213,0.2906379204582828,1.984313483298443
9.1991991991992,6.132799466132799,1.6259405051070377,0.29130066964474227,1.984313483298443
9.20920920920921,6.139472806139473,1.6288596263620636,0.29193489612209256,1.984313483298443
9.21921921921922,6.146146146146147,1.6317849480585234,0.29253929707059523,1.984313483298443
9.22922922922923,6.152819486152819,1.6347161649331199,0.2931125236508861,1.984313483298443
9.23923923923924,6.159492826159493,1.6376529579777812,0.2936531794560166,1.984313483298443
9.24924924924925,6.166166166166167,1.640594993968986,0.29415981899056215,1.984313483298443
9.25925925925926,6.172839506172839,1.6435419249561023,0.2946309460125169,1.984313483298443
9.26926926926927,6.179512846179513,1.6464933877511787,0.2950650118845558,1.984313483298443
9.27927927927928,6.186186186186187,1.6494490033991493,0.2954604138619561,1.984313483298443
9.28928928928929,6.192859526192859,1.6524083766153883,0.2958154932726647,1.984313483298443
9.2992992992993,6.199532866199533,1.655371095232738,0.2961285337336757,1.984313483298443
9.30930930930931,6.206206206206207,1.658336729600822,0.296397759208029,1.984313483298443
9.31931931931932,6.212879546212879,1.6613048319845398,0.296621332062756,1.984313483298443
9.32932932932933,6.219552886219553,1.6642749359432096,0.29679735106415966,1.984313483298443
9.33933933933934,6.226226226226227,1.6672465556680294,0.2969238492347124,1.984313483298443
9.34934934934935,6.232899566232899,1.6702191853322614,0.2969987917560768,1.984313483298443
9.35935935935936,6.239572906239573,1.673192298386316,0.2970200736879998,1.984313483298443
9.36936936936937,6.246246246246247,1.6761653468484976,0.29698551767511344,1.984313483298443
9.37937937937938,6.252919586252919,1.6791377605773248,0.2968928715933517,1.984313483298443
9.38938938938939,6.259592926259593,1.6821089464912042,0.296739806020613,1.984313483298443
9.3993993993994,6.266266266266267,1.6850782878043193,0.2965239117633501,1.984313483298443
9.40940940940941,6.2729396062729395,1.6880451431993828,0.2962426971715096,1.984313483298443
9.41941941941942,6.279612946279613,1.6910088459909145,0.2958935854222058,1.984313483298443
9.42942942942943,6.286286286286287,1.693968703271806,0.29547391174704424,1.984313483298443
9.43943943943944,6.2929596262929595,1.6969239949940762,0.29498092043819985,1.984313483298443
9.44944944944945,6.299632966299633,1.6998739730693524,0.29441176191934193,1.984313483298443
9.45945945945946,6.306306306306307,1.7028178603976063,0.2937634895744338,1.984313483298443
9.46946946946947,6.3129796463129795,1.7057548498791426,0.293033056518046,1.984313483298443
9.47947947947948,6.319652986319653,1.7086841034125115,0.29221731231519765,1.984313483298443
9.48948948948949,6.326326326326327,1.7116047508109224,0.2913129994248917,1.984313483298443
9.4994994994995,6.3329996663329995,1.7145158887415999,0.2903167497152587,1.984313483298443
9.50950950950951,6.339673006339673,1.7174165795843146,0.28922508070305314,1.984313483298443
9.51951951951952,6.346346346346347,1.7203058502631325,0.288034391696988,1.984313483298443
9.52952952952953,6.3530196863530195,1.7231826910677674,0.28674095989843906,1.984313483298443
9.53953953953954,6.359693026359693,1.7260460543748302,0.285340936159446,1.984313483298443
9.54954954954955,6.366366366366367,1.728894853394555,0.2838303408154038,1.984313483298443
9.55955955955956,6.3730397063730395,1.7317279608272427,0.28220505920546146,1.984313483298443
9.56956956956957,6.379713046379713,1.734544207479376,0.28046083704574265,1.984313483298443
9.57957957957958,6.386386386386387,1.7373423808741704,0.27859327576996884,1.984313483298443
9.58958958958959,6.3930597263930595,1.7401212237400463,0.2765978274475672,1.984313483298443
9.5995995995996,6.399733066399733,1.742879432525925,0.2744697897741844,1.984313483298443
9.60960960960961,6.406406406406407,1.7456156558165286,0.2722043007101934,1.984313483298443
9.61961961961962,6.4130797464130795,1.7483284926893838,0.2697963329043544,1.984313483298443
9.62962962962963,6.419753086419753,1.7510164910723465,0.2672406880975851,1.984313483298443
9.63963963963964,6.426426426426427,1.7536781459531772,0.2645319910088594,1.984313483298443
9.64964964964965,6.4330997664330996,1.756311897615474,0.2616646832840097,1.984313483298443
9.65965965965966,6.439773106439773,1.7589161297647895,0.2586330170503725,1.984313483298443
9.66966966966967,6.446446446446447,1.7614891675729945,0.25543104816867734,1.984313483298443
9.67967967967968,6.45311978645312,1.764029275730595,0.2520526294815292,1.984313483298443
9.68968968968969,6.459793126459793,1.7665346563207702,0.24849140343139797,1.984313483298443
9.6996996996997,6.466466466466467,1.7690034467167175,0.2447407947231091,1.984313483298443
9.70970970970971,6.47313980647314,1.7714337173594918,0.24079400254945788,1.984313483298443
9.71971971971972,6.479813146479813,1.7738234694239172,0.23664399240260967,1.984313483298443
9.72972972972973,6.486486486486487,1.7761706325013453,0.23228348790476483,1.984313483298443
9.73973973973974,6.49315982649316,1.7784730620688187,0.22770496187809225,1.984313483298443
9.74974974974975,6.499833166499833,1.7807285369749828,0.22290062743111302,1.984313483298443
9.75975975975976,6.506506506506507,1.7829347567973566,0.2178624285693112,1.984313483298443
9.76976976976977,6.51317984651318,1.7850893390494549,0.2125820302547043,1.984313483298443
9.77977977977978,6.519853186519853,1.7871898164153195,0.207050808518606,1.984313483298443
9.78978978978979,6.526526526526527,1.7892336337297745,0.20125983966872113,1.984313483298443
9.7997997997998,6.5331998665332,1.7912181449643811,0.19519988947682598,1.984313483298443
9.80980980980981,6.539873206539873,1.7931406100769571,0.18886140186480938,1.984313483298443
9.81981981981982,6.546546546546547,1.7949981916633826,0.18223448687973196,1.984313483298443
9.82982982982983,6.55321988655322,1.7967879516495127,0.17530890877746938,1.984313483298443
9.83983983983984,6.559893226559893,1.7985068476759893,0.1680740730272799,1.984313483298443
9.84984984984985,6.566566566566567,1.800151729512811,0.16051901340061445,1.984313483298443
9.85985985985986,6.57323990657324,1.801719335223658,0.15263237818809108,1.984313483298443
9.86986986986987,6.579913246579913,1.8032062872579966,0.14440241616674912,1.984313483298443
9.87987987987988,6.586586586586587,1.8046090883745454,0.13581696199646828,1.984313483298443
9.88988988988989,6.59325992659326,1.805924117421874,0.12686342114788163,1.984313483298443
9.8998998998999,6.599933266599933,1.8071476249648337,0.11752875433904113,1.984313483298443
9.90990990990991,6.606606606606607,1.808275728752613,0.10779946148569021,1.984313483298443
9.91991991991992,6.61327994661328,1.8093044090225285,0.0976615651678219,1.984313483298443
9.92992992992993,6.619953286619953,1.8102295036375633,0.08710059363285641,1.984313483298443
9.93993993993994,6.626626626626627,1.811046703052044,0.07610156334799136,1.984313483298443
9.94994994994995,6.6332999666333,1.811751545099661,0.06464896111895307,1.984313483298443
9.95995995995996,6.639973306639973,1.8123394096001764,0.052726725806038176,1.984313483298443
9.96996996996997,6.646646646646647,1.812805512779872,0.04031822967088139,1.984313483298443
9.97997997997998,6.65331998665332,1.8131449015061816,0.027406259414012115,1.984313483298443
9.98998998998999,6.659993326659993,1.8133524473309892,0.013972996951672994,1.984313483298443
10.0,6.666666666666667,1.8134228403397719,5.462039020810152e-20,1.984313483298443
