r_M5,V_r,dV_dr,d2V_dr2
0.5,-6.553118540005048,0.875,-1.75
0.5034068136272545,-6.5501477336629055,0.8690380761523047,-1.75
0.5068136272545091,-6.547197238484171,0.8630761523046091,-1.75
0.5102204408817635,-6.544267054468846,0.8571142284569138,-1.75
0.513627254509018,-6.541357181616929,0.8511523046092184,-1.75
0.5170340681362725,-6.538467619928422,0.8451903807615231,-1.75
0.5204408817635271,-6.535598369403323,0.8392284569138275,-1.75
0.5238476953907816,-6.532749430041634,0.8332665330661322,-1.75
0.527254509018036,-6.529920801843354,0.8273046092184368,-1.75
0.5306613226452905,-6.527112484808483,0.8213426853707415,-1.75
0.5340681362725451,-6.524324478937021,0.8153807615230461,-1.75
0.5374749498997996,-6.521556784228967,0.8094188376753507,-1.75
0.5408817635270541,-6.518809400684322,0.8034569138276554,-1.75
0.5442885771543087,-6.516082328303087,0.7974949899799598,-1.75
0.5476953907815632,-6.51337556708526,0.7915330661322645,-1.75
0.5511022044088176,-6.510689117030843,0.7855711422845691,-1.75
0.5545090180360721,-6.508022978139834,0.7796092184368738,-1.75
0.5579158316633267,-6.505377150412236,0.7736472945891782,-1.75
0.5613226452905812,-6.502751633848045,0.7676853707414829,-1.75
0.5647294589178357,-6.500146428447263,0.7617234468937876,-1.75
0.5681362725450902,-6.497561534209891,0.7557615230460921,-1.75
0.5715430861723447,-6.494996951135927,0.7497995991983968,-1.75
0.5749498997995992,-6.492452679225373,0.7438376753507014,-1.75
0.5783567134268537,-6.489928718478227,0.7378757515030061,-1.75
0.5817635270541082,-6.48742506889449,0.7319138276553108,-1.75
0.5851703406813628,-6.484941730474163,0.7259519038076152,-1.75
0.5885771543086172,-6.482478703217244,0.7199899799599199,-1.75
0.5919839679358717,-6.480035987123735,0.7140280561122245,-1.75
0.5953907815631263,-6.477613582193634,0.708066132264529,-1.75
0.5987975951903808,-6.475211488426942,0.7021042084168336,-1.75
0.6022044088176353,-6.472829705823659,0.6961422845691383,-1.75
0.6056112224448897,-6.470468234383786,0.690180360721443,-1.75
0.6090180360721443,-6.468127074107321,0.6842184368737474,-1.75
0.6124248496993988,-6.465806224994265,0.678256513026052,-1.75
0.6158316633266533,-6.463505687044618,0.6722945891783567,-1.75
0.6192384769539079,-6.4612254602583805,0.6663326653306612,-1.75
0.6226452905811624,-6.458965544635552,0.6603707414829658,-1.75
0.6260521042084168,-6.456725940176132,0.6544088176352705,-1.75
0.6294589178356713,-6.454506646880121,0.6484468937875751,-1.75
0.6328657314629259,-6.4523076647475195,0.6424849699398797,-1.75
0.6362725450901804,-6.450128993778327,0.6365230460921844,-1.75
0.6396793587174349,-6.447970633972543,0.630561122244489,-1.75
0.6430861723446895,-6.445832585330168,0.6245991983967935,-1.75
0.6464929859719439,-6.443714847851202,0.6186372745490981,-1.75
0.6498997995991984,-6.4416174215356445,0.6126753507014028,-1.75
0.6533066132264529,-6.439540306383496,0.6067134268537074,-1.75
0.6567134268537074,-6.437483502394757,0.6007515030060121,-1.75
0.660120240480962,-6.435447009569428,0.5947895791583165,-1.75
0.6635270541082164,-6.4334308279075065,0.5888276553106212,-1.75
0.666933867735471,-6.431434957408994,0.5828657314629258,-1.75
0.6703406813627255,-6.429459398073892,0.5769038076152304,-1.75
0.67374749498998,-6.427504149902197,0.5709418837675351,-1.75
0.6771543086172345,-6.425569212893912,0.5649799599198397,-1.75
0.680561122244489,-6.423654587049036,0.5590180360721444,-1.75
0.6839679358717435,-6.421760272367568,0.5530561122244488,-1.75
0.687374749498998,-6.419886268849511,0.5470941883767535,-1.75
0.6907815631262525,-6.418032576494862,0.5411322645290582,-1.75
0.6941883767535071,-6.416199195303621,0.5351703406813626,-1.75
0.6975951903807616,-6.41438612527579,0.5292084168336673,-1.75
0.701002004008016,-6.412593366411368,0.5232464929859719,-1.75
0.7044088176352705,-6.410820918710355,0.5172845691382766,-1.75
0.7078156312625251,-6.40906878217275,0.511322645290581,-1.75
0.7112224448897796,-6.407336956798555,0.5053607214428857,-1.75
0.7146292585170341,-6.405625442587769,0.49939879759519035,-1.75
0.7180360721442887,-6.4039342395403915,0.49343687374749484,-1.75
0.7214428857715431,-6.402263347656423,0.4874749498997995,-1.75
0.7248496993987976,-6.400612766935864,0.48151302605210416,-1.75
0.7282565130260521,-6.3989824973787135,0.4755511022044088,-1.75
0.7316633266533066,-6.397372538984972,0.4695891783567135,-1.75
0.7350701402805612,-6.3957828917546395,0.463627254509018,-1.75
0.7384769539078156,-6.394213555687716,0.45766533066132264,-1.75
0.7418837675350702,-6.392664530784201,0.4517034068136271,-1.75
0.7452905811623247,-6.391135817044097,0.44574148296593175,-1.75
0.7486973947895792,-6.3896274144674,0.4397795591182364,-1.75
0.7521042084168337,-6.388139323054112,0.43381763527054107,-1.75
0.7555110220440882,-6.386671542804234,0.42785571142284573,-1.75
0.7589178356713427,-6.385224073717764,0.42189378757515017,-1.75
0.7623246492985972,-6.383796915794703,0.41593186372745483,-1.75
0.7657314629258518,-6.382390069035052,0.4099699398797593,-1.75
0.7691382765531063,-6.381003533438809,0.404008016032064,-1.75
0.7725450901803608,-6.379637309005976,0.39804609218436865,-1.75
0.7759519038076153,-6.378291395736551,0.3920841683366733,-1.75
0.7793587174348697,-6.376965793630536,0.386122244488978,-1.75
0.7827655310621242,-6.375660502687929,0.38016032064128263,-1.75
0.7861723446893788,-6.374375522908731,0.37419839679358713,-1.75
0.7895791583166333,-6.373110854292943,0.3682364729458918,-1.75
0.7929859719438879,-6.371866496840563,0.36227454909819623,-1.75
0.7963927855711423,-6.370642450551593,0.3563126252505009,-1.75
0.7997995991983968,-6.36943871542603,0.35035070140280555,-1.75
0.8032064128256513,-6.3682552914638775,0.3443887775551102,-1.75
0.8066132264529058,-6.367092178665134,0.3384268537074149,-1.75
0.8100200400801604,-6.365949377029799,0.3324649298597193,-1.75
0.8134268537074149,-6.364826886557873,0.326503006012024,-1.75
0.8168336673346694,-6.363724707249356,0.3205410821643285,-1.75
0.8202404809619239,-6.362642839104248,0.31457915831663313,-1.75
0.8236472945891784,-6.3615812821225495,0.3086172344689378,-1.75
0.8270541082164329,-6.3605400363042595,0.30265531062124246,-1.75
0.8304609218436874,-6.359519101649379,0.2966933867735471,-1.75
0.833867735470942,-6.358518478157907,0.2907314629258516,-1.75
0.8372745490981964,-6.357538165829844,0.2847695390781563,-1.75
0.840681362725451,-6.35657816466519,0.2788076152304607,-1.75
0.8440881763527055,-6.355638474663945,0.2728456913827654,-1.75
0.84749498997996,-6.354719095826109,0.26688376753507004,-1.75
0.8509018036072145,-6.353820028151683,0.2609218436873747,-1.75
0.8543086172344689,-6.352941271640664,0.25495991983967936,-1.75
0.8577154308617234,-6.3520828262930555,0.24899799599198402,-1.75
0.861122244488978,-6.351244692108855,0.2430360721442885,-1.75
0.8645290581162326,-6.350426869088064,0.23707414829659296,-1.75
0.8679358717434871,-6.349629357230682,0.23111222444889762,-1.75
0.8713426853707416,-6.348852156536709,0.22515030060120228,-1.75
0.874749498997996,-6.348095267006145,0.21918837675350694,-1.75
0.8781563126252505,-6.347358688638989,0.2132264529058116,-1.75
0.881563126252505,-6.346642421435243,0.20726452905811626,-1.75
0.8849699398797596,-6.345946465394906,0.20130260521042073,-1.75
0.8883767535070141,-6.345270820517978,0.1953406813627254,-1.75
0.8917835671342687,-6.344615486804459,0.18937875751502986,-1.75
0.8951903807615231,-6.343980464254348,0.18341683366733452,-1.75
0.8985971943887776,-6.343365752867647,0.17745490981963918,-1.75
0.9020040080160321,-6.3427713526443545,0.17149298597194385,-1.75
0.9054108216432866,-6.342197263584471,0.1655310621242485,-1.75
0.9088176352705412,-6.341643485687997,0.15956913827655297,-1.75
0.9122244488977956,-6.341110018954932,0.15360721442885764,-1.75
0.9156312625250502,-6.340596863385276,0.1476452905811621,-1.75
0.9190380761523047,-6.340104018979028,0.14168336673346676,-1.75
0.9224448897795592,-6.33963148573619,0.13572144288577143,-1.75
0.9258517034068137,-6.33917926365676,0.1297595190380761,-1.75
0.9292585170340681,-6.33874735274074,0.12379759519038075,-1.75
0.9326653306613226,-6.338335752988129,0.11783567134268541,-1.75
0.9360721442885772,-6.337944464398926,0.11187374749498988,-1.75
0.9394789579158318,-6.337573486973133,0.10591182364729435,-1.75
0.9428857715430863,-6.337222820710748,0.099949899799599,-1.75
0.9462925851703408,-6.336892465611773,0.09398797595190367,-1.75
0.9496993987975952,-6.336582421676206,0.08802605210420833,-1.75
0.9531062124248497,-6.336292688904049,0.08206412825651299,-1.75
0.9565130260521042,-6.3360232672953005,0.07610220440881765,-1.75
0.9599198396793588,-6.33577415684996,0.07014028056112212,-1.75
0.9633266533066133,-6.33554535756803,0.06417835671342678,-1.75
0.9667334669338679,-6.335336869449509,0.05821643286573125,-1.75
0.9701402805611223,-6.335148692494395,0.05225450901803591,-1.75
0.9735470941883768,-6.334980826702692,0.04629258517034057,-1.75
0.9769539078156313,-6.334833272074397,0.040330661322645234,-1.75
0.9803607214428858,-6.334706028609512,0.034368737474949895,-1.75
0.9837675350701404,-6.334599096308035,0.028406813627254363,-1.75
0.9871743486973948,-6.3345124751699675,0.022444889779559024,-1.75
0.9905811623246494,-6.334446165195309,0.01648296593186349,-1.75
0.9939879759519039,-6.334400166384059,0.010521042084168153,-1.75
0.9973947895791584,-6.334374478736218,0.0045591182364728144,-1.75
1.0008016032064129,-6.334369102251786,-0.001402805611222524,-1.75
1.0042084168336673,-6.334384036930763,-0.0073647294589178625,-1.75
1.0076152304609218,-6.334419282773149,-0.013326653306613201,-1.75
1.0110220440881763,-6.334474839778944,-0.01928857715430854,-1.75
1.0144288577154308,-6.334550707948149,-0.025250501002003878,-1.75
1.0178356713426855,-6.334646887280762,-0.031212424849699605,-1.75
1.02124248496994,-6.334763377776784,-0.03717434869739494,-1.75
1.0246492985971944,-6.334900179436215,-0.04313627254509028,-1.75
1.028056112224449,-6.335057292259055,-0.04909819639278562,-1.75
1.0314629258517036,-6.335234716245305,-0.05506012024048135,-1.75
1.034869739478958,-6.335432451394962,-0.061022044088176686,-1.75
1.0382765531062126,-6.33565049770803,-0.06698396793587202,-1.75
1.041683366733467,-6.335888855184505,-0.07294589178356736,-1.75
1.0450901803607215,-6.3361475238243905,-0.0789078156312627,-1.75
1.048496993987976,-6.336426503627684,-0.08486973947895804,-1.75
1.0519038076152305,-6.336725794594387,-0.09083166332665338,-1.75
1.055310621242485,-6.337045396724499,-0.09679358717434872,-1.75
1.0587174348697395,-6.33738531001802,-0.10275551102204405,-1.75
1.062124248496994,-6.33774553447495,-0.1087174348697394,-1.75
1.0655310621242484,-6.338126070095289,-0.11467935871743473,-1.75
1.0689378757515031,-6.338526916879037,-0.12064128256513046,-1.75
1.0723446893787576,-6.3389480748261935,-0.1266032064128258,-1.75
1.075751503006012,-6.339389543936759,-0.13256513026052114,-1.75
1.0791583166332666,-6.339851324210734,-0.13852705410821647,-1.75
1.0825651302605213,-6.340333415648118,-0.1444889779559122,-1.75
1.0859719438877757,-6.340835818248911,-0.15045090180360754,-1.75
1.0893787575150302,-6.341358532013112,-0.15641282565130288,-1.75
1.0927855711422847,-6.341901556940723,-0.16237474949899822,-1.75
1.0961923847695392,-6.342464893031743,-0.16833667334669355,-1.75
1.0995991983967937,-6.343048540286172,-0.1742985971943889,-1.75
1.1030060120240481,-6.343652498704009,-0.18026052104208423,-1.75
1.1064128256513026,-6.344276768285256,-0.18622244488977957,-1.75
1.109819639278557,-6.344921349029912,-0.1921843687374749,-1.75
1.1132264529058116,-6.345586240937976,-0.19814629258517025,-1.75
1.116633266533066,-6.346271444009449,-0.20410821643286559,-1.75
1.1200400801603208,-6.3469769582443325,-0.2100701402805613,-1.75
1.1234468937875752,-6.347702783642624,-0.21603206412825665,-1.75
1.1268537074148297,-6.348448920204325,-0.221993987975952,-1.75
1.1302605210420844,-6.3492153679294345,-0.22795591182364772,-1.75
1.1336673346693389,-6.3500021268179525,-0.23391783567134306,-1.75
1.1370741482965934,-6.35080919686988,-0.2398797595190384,-1.75
1.1404809619238478,-6.351636578085216,-0.24584168336673373,-1.75
1.1438877755511023,-6.352484270463962,-0.25180360721442907,-1.75
1.1472945891783568,-6.353352274006117,-0.2577655310621244,-1.75
1.1507014028056113,-6.35424058871168,-0.26372745490981975,-1.75
1.1541082164328658,-6.355149214580653,-0.2696893787575151,-1.75
1.1575150300601202,-6.356078151613033,-0.2756513026052104,-1.75
1.1609218436873747,-6.357027399808824,-0.28161322645290576,-1.75
1.1643286573146292,-6.357996959168023,-0.2875751503006011,-1.75
1.167735470941884,-6.358986829690632,-0.29353707414829683,-1.75
1.1711422845691384,-6.359997011376649,-0.29949899799599217,-1.75
1.1745490981963929,-6.361027504226075,-0.3054609218436875,-1.75
1.1779559118236473,-6.362078308238911,-0.31142284569138284,-1.75
1.181362725450902,-6.363149423415155,-0.31738476953907857,-1.75
1.1847695390781565,-6.364240849754808,-0.3233466933867739,-1.75
1.188176352705411,-6.3653525872578705,-0.32930861723446925,-1.75
1.1915831663326655,-6.366484635924341,-0.3352705410821646,-1.75
1.19498997995992,-6.367636995754222,-0.3412324649298599,-1.75
1.1983967935871744,-6.368809666747511,-0.34719438877755526,-1.75
1.201803607214429,-6.370002648904209,-0.3531563126252506,-1.75
1.2052104208416834,-6.371215942224317,-0.35911823647294594,-1.75
1.2086172344689379,-6.372449546707832,-0.3650801603206413,-1.75
1.2120240480961924,-6.373703462354758,-0.3710420841683366,-1.75
1.2154308617234468,-6.3749776891650916,-0.37700400801603196,-1.75
1.2188376753507015,-6.376272227138835,-0.3829659318637277,-1.75
1.222244488977956,-6.3775870762759865,-0.388927855711423,-1.75
1.2256513026052105,-6.378922236576548,-0.39488977955911836,-1.75
1.2290581162324652,-6.380277708040518,-0.4008517034068141,-1.75
1.2324649298597197,-6.381653490667897,-0.4068136272545094,-1.75
1.2358717434869742,-6.383049584458685,-0.41277555110220476,-1.75
1.2392785571142286,-6.384465989412882,-0.4187374749499001,-1.75
1.242685370741483,-6.385902705530488,-0.42469939879759544,-1.75
1.2460921843687376,-6.387359732811503,-0.4306613226452908,-1.75
1.249498997995992,-6.388837071255927,-0.4366232464929861,-1.75
1.2529058116232465,-6.39033472086376,-0.44258517034068146,-1.75
1.256312625250501,-6.391852681635002,-0.4485470941883768,-1.75
1.2597194388777555,-6.393390953569653,-0.45450901803607213,-1.75
1.26312625250501,-6.3949495366677125,-0.46047094188376747,-1.75
1.2665330661322647,-6.396528430929181,-0.4664328657314632,-1.75
1.2699398797595192,-6.398127636354059,-0.47239478957915854,-1.75
1.2733466933867736,-6.3997471529423455,-0.4783567134268539,-1.75
1.2767535070140281,-6.401386980694041,-0.4843186372745492,-1.75
1.2801603206412828,-6.4030471196091465,-0.49028056112224494,-1.75
1.2835671342685373,-6.40472756968766,-0.4962424849699403,-1.75
1.2869739478957918,-6.406428330929582,-0.5022044088176356,-1.75
1.2903807615230463,-6.408149403334915,-0.508166332665331,-1.75
1.2937875751503007,-6.409890786903655,-0.5141282565130263,-1.75
1.2971943887775552,-6.411652481635805,-0.5200901803607216,-1.75
1.3006012024048097,-6.413434487531363,-0.526052104208417,-1.75
1.3040080160320642,-6.415236804590331,-0.5320140280561123,-1.75
1.3074148296593187,-6.4170594328127075,-0.5379759519038076,-1.75
1.3108216432865731,-6.4189023721984935,-0.543937875751503,-1.75
1.3142284569138276,-6.4207656227476875,-0.5498997995991983,-1.75
1.3176352705410823,-6.422649184460291,-0.5558617234468941,-1.75
1.3210420841683368,-6.424553057336304,-0.5618236472945894,-1.75
1.3244488977955913,-6.426477241375726,-0.5677855711422848,-1.75
1.3278557114228458,-6.428421736578556,-0.5737474949899801,-1.75
1.3312625250501005,-6.430386542944795,-0.5797094188376758,-1.75
1.334669338677355,-6.432371660474444,-0.5856713426853711,-1.75
1.3380761523046094,-6.434377089167501,-0.5916332665330665,-1.75
1.341482965931864,-6.436402829023968,-0.5975951903807618,-1.75
1.3448897795591184,-6.438448880043843,-0.6035571142284571,-1.75
1.3482965931863728,-6.440515242227128,-0.6095190380761525,-1.75
1.3517034068136273,-6.442601915573821,-0.6154809619238478,-1.75
1.3551102204408818,-6.444708900083923,-0.6214428857715432,-1.75
1.3585170340681363,-6.4468361957574345,-0.6274048096192385,-1.75
1.3619238476953908,-6.448983802594355,-0.6333667334669338,-1.75
1.3653306613226452,-6.451151720594685,-0.6393286573146292,-1.75
1.3687374749499,-6.453339949758423,-0.6452905811623248,-1.75
1.3721442885771544,-6.45554849008557,-0.6512525050100202,-1.75
1.375551102204409,-6.457777341576127,-0.6572144288577155,-1.75
1.3789579158316636,-6.4600265042300915,-0.6631763527054113,-1.75
1.382364729458918,-6.462295978047466,-0.6691382765531066,-1.75
1.3857715430861726,-6.464585763028249,-0.675100200400802,-1.75
1.389178356713427,-6.466895859172441,-0.6810621242484973,-1.75
1.3925851703406815,-6.469226266480042,-0.6870240480961927,-1.75
1.395991983967936,-6.471576984951053,-0.692985971943888,-1.75
1.3993987975951905,-6.4739480145854715,-0.6989478957915833,-1.75
1.402805611222445,-6.4763393553833,-0.7049098196392787,-1.75
1.4062124248496994,-6.4787510073445365,-0.710871743486974,-1.75
1.409619238476954,-6.481182970469183,-0.7168336673346694,-1.75
1.4130260521042084,-6.483635244757238,-0.7227955911823647,-1.75
1.416432865731463,-6.486107830208702,-0.7287575150300605,-1.75
1.4198396793587176,-6.4886007268235755,-0.7347194388777558,-1.75
1.423246492985972,-6.491113934601858,-0.7406813627254512,-1.75
1.4266533066132265,-6.493647453543548,-0.7466432865731465,-1.75
1.4300601202404812,-6.496201283648649,-0.7526052104208422,-1.75
1.4334669338677357,-6.498775424917158,-0.7585671342685375,-1.75
1.4368737474949902,-6.501369877349076,-0.7645290581162328,-1.75
1.4402805611222447,-6.503984640944402,-0.7704909819639282,-1.75
1.4436873747494992,-6.506619715703138,-0.7764529058116235,-1.75
1.4470941883767536,-6.509275101625283,-0.7824148296593189,-1.75
1.450501002004008,-6.511950798710837,-0.7883767535070142,-1.75
1.4539078156312626,-6.514646806959799,-0.7943386773547095,-1.75
1.457314629258517,-6.517363126372171,-0.8003006012024049,-1.75
1.4607214428857715,-6.520099756947952,-0.8062625250501002,-1.75
1.464128256513026,-6.522856698687142,-0.8122244488977955,-1.75
1.4675350701402807,-6.525633951589741,-0.8181863727454912,-1.75
1.4709418837675352,-6.528431515655749,-0.8241482965931866,-1.75
1.4743486973947897,-6.531249390885165,-0.8301102204408819,-1.75
1.4777555110220442,-6.534087577277991,-0.8360721442885772,-1.75
1.4811623246492989,-6.536946074834226,-0.842034068136273,-1.75
1.4845691382765533,-6.5398248835538695,-0.8479959919839684,-1.75
1.4879759519038078,-6.5427240034369225,-0.8539579158316637,-1.75
1.4913827655310623,-6.545643434483384,-0.859919839679359,-1.75
1.4947895791583168,-6.5485831766932545,-0.8658817635270544,-1.75
1.4981963927855713,-6.551543230066534,-0.8718436873747497,-1.75
1.5016032064128257,-6.554523594603222,-0.877805611222445,-1.75
1.5050100200400802,-6.55752427030332,-0.8837675350701404,-1.75
1.5084168336673347,-6.560545257166827,-0.8897294589178357,-1.75
1.5118236472945894,-6.5635865551937425,-0.8956913827655315,-1.75
1.5152304609218439,-6.566648164384067,-0.9016533066132268,-1.75
1.5186372745490984,-6.569730084737801,-0.9076152304609222,-1.75
1.5220440881763528,-6.572832316254943,-0.9135771543086175,-1.75
1.5254509018036073,-6.575954858935495,-0.9195390781563129,-1.75
1.5288577154308618,-6.579097712779455,-0.9255010020040082,-1.75
1.5322645290581163,-6.582260877786824,-0.9314629258517035,-1.75
1.535671342685371,-6.585444353957603,-0.9374248496993992,-1.75
1.5390781563126255,-6.58864814129179,-0.9433867735470945,-1.75
1.54248496993988,-6.591872239789387,-0.9493486973947899,-1.75
1.5458917835671344,-6.595116649450392,-0.9553106212424852,-1.75
1.549298597194389,-6.598381370274806,-0.9612725450901806,-1.75
1.5527054108216434,-6.601666402262629,-0.9672344689378759,-1.75
1.5561122244488979,-6.604971745413862,-0.9731963927855712,-1.75
1.5595190380761526,-6.608297399728503,-0.9791583166332669,-1.75
1.562925851703407,-6.611643365206554,-0.9851202404809623,-1.75
1.5663326653306615,-6.615009641848013,-0.9910821643286576,-1.75
1.569739478957916,-6.618396229652881,-0.9970440881763529,-1.75
1.5731462925851705,-6.621803128621158,-1.0030060120240483,-1.75
1.576553106212425,-6.625230338752845,-1.0089679358717436,-1.75
1.5799599198396794,-6.62867786004794,-1.014929859719439,-1.75
1.583366733466934,-6.632145692506444,-1.0208917835671343,-1.75
1.5867735470941886,-6.635633836128357,-1.02685370741483,-1.75
1.590180360721443,-6.6391422909136795,-1.0328156312625254,-1.75
1.5935871743486976,-6.642671056862411,-1.0387775551102207,-1.75
1.596993987975952,-6.64622013397455,-1.044739478957916,-1.75
1.6004008016032065,-6.649789522250099,-1.0507014028056114,-1.75
1.603807615230461,-6.6533792216890575,-1.0566633266533068,-1.75
1.6072144288577155,-6.656989232291425,-1.062625250501002,-1.75
1.6106212424849702,-6.660619554057201,-1.0685871743486979,-1.75
1.6140280561122247,-6.664270186986386,-1.0745490981963932,-1.75
1.6174348697394791,-6.66794113107898,-1.0805110220440886,-1.75
1.6208416833667336,-6.6716323863349825,-1.086472945891784,-1.75
1.624248496993988,-6.675343952754394,-1.0924348697394792,-1.75
1.6276553106212426,-6.679075830337216,-1.0983967935871746,-1.75
1.631062124248497,-6.682828019083446,-1.10435871743487,-1.75
1.6344689378757518,-6.686600518993084,-1.1103206412825655,-1.75
1.6378757515030062,-6.690393330066133,-1.1162825651302608,-1.75
1.6412825651302607,-6.6942064523025895,-1.1222444889779561,-1.75
1.6446893787575152,-6.698039885702455,-1.1282064128256515,-1.75
1.6480961923847697,-6.70189363026573,-1.1341683366733468,-1.75
1.6515030060120242,-6.705767685992414,-1.1401302605210422,-1.75
1.6549098196392786,-6.709662052882507,-1.1460921843687375,-1.75
1.6583166332665331,-6.713576730936008,-1.1520541082164328,-1.75
1.6617234468937878,-6.7175117201529195,-1.1580160320641286,-1.75
1.6651302605210423,-6.721467020533239,-1.163977955911824,-1.75
1.6685370741482968,-6.725442632076968,-1.1699398797595193,-1.75
1.6719438877755513,-6.729438554784106,-1.1759018036072146,-1.75
1.6753507014028057,-6.733454788654652,-1.18186372745491,-1.75
1.6787575150300602,-6.737491333688608,-1.1878256513026053,-1.75
1.6821643286573147,-6.741548189885973,-1.1937875751503007,-1.75
1.6855711422845694,-6.745625357246746,-1.1997494989979964,-1.75
1.6889779559118239,-6.749722835770929,-1.2057114228456918,-1.75
1.6923847695390783,-6.753840625458521,-1.211673346693387,-1.75
1.6957915831663328,-6.7579787263095215,-1.2176352705410824,-1.75
1.6991983967935873,-6.762137138323931,-1.2235971943887778,-1.75
1.7026052104208418,-6.766315861501749,-1.2295591182364731,-1.75
1.7060120240480963,-6.770514895842977,-1.2355210420841685,-1.75
1.709418837675351,-6.7747342413476135,-1.2414829659318642,-1.75
1.7128256513026054,-6.778973898015659,-1.2474448897795596,-1.75
1.71623246492986,-6.783233865847113,-1.253406813627255,-1.75
1.7196392785571144,-6.7875141448419765,-1.2593687374749503,-1.75
1.7230460921843689,-6.79181473500025,-1.2653306613226456,-1.75
1.7264529058116234,-6.796135636321931,-1.271292585170341,-1.75
1.7298597194388778,-6.800476848807021,-1.2772545090180363,-1.75
1.7332665330661323,-6.804838372455521,-1.2832164328657316,-1.75
1.736673346693387,-6.809220207267429,-1.2891783567134274,-1.75
1.7400801603206415,-6.813622353242747,-1.2951402805611227,-1.75
1.743486973947896,-6.818044810381473,-1.301102204408818,-1.75
1.7468937875751505,-6.822487578683608,-1.3070641282565134,-1.75
1.750300601202405,-6.826950658149152,-1.3130260521042088,-1.75
1.7537074148296594,-6.831434048778106,-1.318987975951904,-1.75
1.757114228456914,-6.8359377505704675,-1.3249498997995994,-1.75
1.7605210420841686,-6.840461763526239,-1.330911823647295,-1.75
1.763927855711423,-6.8450060876454195,-1.3368737474949903,-1.75
1.7673346693386776,-6.849570722928009,-1.3428356713426857,-1.75
1.770741482965932,-6.854155669374007,-1.348797595190381,-1.75
1.7741482965931865,-6.858760926983414,-1.3547595190380763,-1.75
1.777555110220441,-6.86338649575623,-1.3607214428857717,-1.75
1.7809619238476955,-6.868032375692455,-1.366683366733467,-1.75
1.7843687374749502,-6.8726985667920895,-1.3726452905811628,-1.75
1.7877755511022047,-6.877385069055133,-1.3786072144288581,-1.75
1.7911823647294591,-6.882091882481585,-1.3845691382765535,-1.75
1.7945891783567136,-6.886819007071446,-1.3905310621242488,-1.75
1.797995991983968,-6.891566442824716,-1.3964929859719442,-1.75
1.8014028056112226,-6.896334189741395,-1.4024549098196395,-1.75
1.804809619238477,-6.901122247821483,-1.4084168336673348,-1.75
1.8082164328657315,-6.90593061706498,-1.4143787575150302,-1.75
1.8116232464929862,-6.910759297471886,-1.420340681362726,-1.75
1.8150300601202407,-6.915608289042201,-1.4263026052104213,-1.75
1.8184368737474952,-6.920477591775925,-1.4322645290581166,-1.75
1.8218436873747497,-6.925367205673058,-1.438226452905812,-1.75
1.8252505010020041,-6.9302771307336,-1.4441883767535073,-1.75
1.8286573146292586,-6.935207366957551,-1.4501503006012026,-1.75
1.832064128256513,-6.94015791434491,-1.456112224448898,-1.75
1.8354709418837678,-6.945128772895679,-1.4620741482965935,-1.75
1.8388777555110223,-6.950119942609858,-1.4680360721442889,-1.75
1.8422845691382768,-6.955131423487444,-1.4739979959919842,-1.75
1.8456913827655312,-6.96016321552844,-1.4799599198396796,-1.75
1.8490981963927857,-6.965215318732845,-1.485921843687375,-1.75
1.8525050100200402,-6.970287733100658,-1.4918837675350702,-1.75
1.8559118236472947,-6.975380458631881,-1.4978456913827656,-1.75
1.8593186372745494,-6.980493495326513,-1.5038076152304614,-1.75
1.8627254509018039,-6.985626843184554,-1.5097695390781567,-1.75
1.8661322645290583,-6.990780502206004,-1.515731462925852,-1.75
1.8695390781563128,-6.995954472390863,-1.5216933867735474,-1.75
1.8729458917835673,-7.0011487537391295,-1.5276553106212427,-1.75
1.8763527054108218,-7.006363346250806,-1.533617234468938,-1.75
1.8797595190380763,-7.011598249925892,-1.5395791583166334,-1.75
1.883166332665331,-7.016853464764387,-1.5455410821643292,-1.75
1.8865731462925854,-7.022128990766291,-1.5515030060120245,-1.75
1.88997995991984,-7.027424827931603,-1.5574649298597198,-1.75
1.8933867735470944,-7.032740976260325,-1.5634268537074152,-1.75
1.8967935871743489,-7.038077435752455,-1.5693887775551105,-1.75
1.9002004008016034,-7.043434206407994,-1.5753507014028059,-1.75
1.9036072144288578,-7.048811288226943,-1.5813126252505012,-1.75
1.9070140280561123,-7.054208681209301,-1.5872745490981965,-1.75
1.910420841683367,-7.059626385355068,-1.5932364729458923,-1.75
1.9138276553106215,-7.065064400664243,-1.5991983967935877,-1.75
1.917234468937876,-7.070522727136828,-1.605160320641283,-1.75
1.9206412825651304,-7.076001364772821,-1.6111222444889783,-1.75
1.924048096192385,-7.0815003135722225,-1.6170841683366737,-1.75
1.9274549098196394,-7.087019573535034,-1.623046092184369,-1.75
1.9308617234468939,-7.092559144661255,-1.6290080160320644,-1.75
1.9342685370741486,-7.098119026950885,-1.6349699398797601,-1.75
1.937675350701403,-7.103699220403922,-1.6409318637274555,-1.75
1.9410821643286575,-7.10929972502037,-1.6468937875751508,-1.75
1.944488977955912,-7.114920540800226,-1.6528557114228462,-1.75
1.9478957915831665,-7.120561667743491,-1.6588176352705415,-1.75
1.951302605210421,-7.1262231058501655,-1.6647795591182368,-1.75
1.9547094188376755,-7.131904855120249,-1.6707414829659322,-1.75
1.9581162324649302,-7.137606915553741,-1.6767034068136277,-1.75
1.9615230460921846,-7.143329287150642,-1.682665330661323,-1.75
1.9649298597194391,-7.149071969910953,-1.6886272545090184,-1.75
1.9683366733466936,-7.154834963834672,-1.6945891783567137,-1.75
1.971743486973948,-7.1606182689218,-1.700551102204409,-1.75
1.9751503006012026,-7.166421885172337,-1.7065130260521044,-1.75
1.978557114228457,-7.172245812586283,-1.7124749498997998,-1.75
1.9819639278557115,-7.178090051163638,-1.718436873747495,-1.75
1.9853707414829662,-7.183954600904403,-1.7243987975951909,-1.75
1.9887775551102207,-7.1898394618085755,-1.7303607214428862,-1.75
1.9921843687374752,-7.195744633876157,-1.7363226452905816,-1.75
1.9955911823647297,-7.201670117107149,-1.742284569138277,-1.75
1.9989979959919841,-7.207615911501549,-1.7482464929859722,-1.75
2.0024048096192386,-7.213582017059357,-1.7542084168336676,-1.75
2.005811623246493,-7.219568433780576,-1.760170340681363,-1.75
2.0092184368737476,-7.225575161665202,-1.7661322645290582,-1.75
2.012625250501002,-7.231602200713239,-1.7720941883767536,-1.75
2.0160320641282565,-7.237649550924683,-1.778056112224449,-1.75
2.019438877755511,-7.243717212299537,-1.7840180360721443,-1.75
2.0228456913827655,-7.2498051848378,-1.7899799599198396,-1.75
2.02625250501002,-7.255913468539472,-1.795941883767535,-1.75
2.0296593186372744,-7.262042063404553,-1.8019038076152303,-1.75
2.0330661322645294,-7.268190969433043,-1.8078657314629263,-1.75
2.036472945891784,-7.274360186624942,-1.8138276553106216,-1.75
2.0398797595190383,-7.28054971498025,-1.819789579158317,-1.75
2.043286573146293,-7.286759554498966,-1.8257515030060123,-1.75
2.0466933867735473,-7.292989705181093,-1.8317134268537076,-1.75
2.0501002004008018,-7.2992401670266265,-1.837675350701403,-1.75
2.0535070140280562,-7.30551094003557,-1.8436372745490983,-1.75
2.0569138276553107,-7.311802024207923,-1.8495991983967937,-1.75
2.0603206412825656,-7.318113419543685,-1.8555611222444899,-1.75
2.06372745490982,-7.324445126042856,-1.8615230460921852,-1.75
2.0671342685370746,-7.330797143705436,-1.8674849699398806,-1.75
2.070541082164329,-7.337169472531424,-1.873446893787576,-1.75
2.0739478957915836,-7.343562112520822,-1.8794088176352712,-1.75
2.077354709418838,-7.349975063673629,-1.8853707414829666,-1.75
2.0807615230460925,-7.356408325989844,-1.891332665330662,-1.75
2.084168336673347,-7.362861899469468,-1.8972945891783572,-1.75
2.0875751503006015,-7.3693357841125025,-1.9032565130260526,-1.75
2.090981963927856,-7.375829979918945,-1.909218436873748,-1.75
2.0943887775551104,-7.382344486888796,-1.9151803607214433,-1.75
2.097795591182365,-7.388879305022057,-1.9211422845691386,-1.75
2.1012024048096194,-7.395434434318727,-1.927104208416834,-1.75
2.104609218436874,-7.402009874778805,-1.9330661322645293,-1.75
2.1080160320641284,-7.4086056264022915,-1.9390280561122246,-1.75
2.111422845691383,-7.415221689189188,-1.94498997995992,-1.75
2.1148296593186373,-7.421858063139494,-1.9509519038076153,-1.75
2.118236472945892,-7.428514748253208,-1.9569138276553106,-1.75
2.1216432865731463,-7.435191744530331,-1.962875751503006,-1.75
2.1250501002004007,-7.441889051970864,-1.9688376753507013,-1.75
2.1284569138276552,-7.448606670574804,-1.9747995991983966,-1.75
2.1318637274549097,-7.455344600342155,-1.980761523046092,-1.75
2.1352705410821646,-7.462102841272915,-1.9867234468937882,-1.75
2.138677354709419,-7.4688813933670835,-1.9926853707414836,-1.75
2.1420841683366736,-7.475680256624661,-1.998647294589179,-1.75
2.145490981963928,-7.482499431045647,-2.0046092184368742,-1.75
2.1488977955911825,-7.489338916630042,-2.0105711422845696,-1.75
2.152304609218437,-7.496198713377846,-2.016533066132265,-1.75
2.1557114228456915,-7.503078821289059,-2.0224949899799602,-1.75
2.1591182364729464,-7.509979240363682,-2.0284569138276565,-1.75
2.162525050100201,-7.516899970601713,-2.034418837675352,-1.75
2.1659318637274554,-7.523841012003153,-2.040380761523047,-1.75
2.16933867735471,-7.530802364568003,-2.0463426853707425,-1.75
2.1727454909819643,-7.537784028296261,-2.052304609218438,-1.75
2.176152304609219,-7.5447860031879275,-2.058266533066133,-1.75
2.1795591182364733,-7.551808289243004,-2.0642284569138285,-1.75
2.182965931863728,-7.558850886461489,-2.070190380761524,-1.75
2.1863727454909823,-7.565913794843382,-2.076152304609219,-1.75
2.1897795591182367,-7.572997014388686,-2.0821142284569145,-1.75
2.193186372745491,-7.580100545097398,-2.08807615230461,-1.75
2.1965931863727457,-7.587224386969519,-2.094038076152305,-1.75
2.2,-7.594368540005048,-2.1000000000000005,-1.75
