k_hMpc,T_overlap_A,T_sqrt_B,dT_dk_B,T_target_v183,err_vs_target_A_pct,err_vs_target_B_pct
0.0001,0.6533887851563599,0.8083246780572518,0.0,122.47448713915891,-99.93471120106533,-99.8826795526971
0.00010280732238308647,0.6533887851563599,0.8083246780572518,0.0,120.79072987253313,-99.93380111061592,-99.88104416928746
0.00010569345535579884,0.6533887851563599,0.8083246780572518,0.0,119.13012059859653,-99.93287833399918,-99.87938598952002
0.00010866061138545968,0.6533887851563599,0.8083246780572518,1.634775303351507e-11,117.49234108290051,-99.93194269437687,-99.8777046956259
0.00011171106505048242,0.6533887851563599,0.8083246780572518,-1.5901350851838284e-11,115.87707746602626,-99.93099401244565,-99.87599996540668
0.0001148471547840289,0.6533887851563599,0.8083246780572518,0.0,114.28402020343826,-99.9300321064028,-99.87427147217272
0.00011807128466661903,0.6533887851563599,0.8083246780572518,0.0,112.71286400616337,-99.92905679191136,-99.8725188846805
0.00012138592626906277,0.6533887851563599,0.8083246780572518,1.4633960410392194e-11,111.16330778228675,-99.92806788206487,-99.87074186706911
0.00012479362054713115,0.6533887851563599,0.8083246780572518,-1.4234356144265956e-11,109.63505457925092,-99.92706518735142,-99.86894007879593
0.00012829697978941474,0.6533887851563599,0.8083246780572518,1.3845663727360872e-11,108.1278115269491,-99.92604851561745,-99.86711317457137
0.00013189868961986705,0.6533887851563599,0.8083246780572518,-1.3467585193755324e-11,106.64128978159991,-99.92501767203088,-99.86526080429272
0.00013560151105656334,0.6533887851563599,0.8083246780572518,0.0,105.17520447039469,-99.92397245904375,-99.86338261297695
0.00013940828262825786,0.6533887851563599,0.8083246780572518,0.0,103.72927463690479,-99.92291267635444,-99.86147824069283
0.0001433219225503574,0.6533887851563599,0.8083246780572518,1.239417395322835e-11,102.30322318724033,-99.92183812086918,-99.85954732249186
0.00014734543096198358,0.6533887851563599,0.8083246780572518,-1.2055730726109629e-11,100.89677683694828,-99.92074858666321,-99.85758948833836
0.00015148189222583458,0.6533887851563599,0.8083246780572518,0.0,99.50966605864143,-99.91964386494129,-99.85560436303854
0.0001557344772926135,0.6533887851563599,0.8083246780572518,0.0,98.14162503034652,-99.9185237439977,-99.8535915661686
0.00016010644613183178,0.6533887851563599,0.8083246780572518,0.0,96.79239158456323,-99.91738800917561,-99.85155071200191
0.00016460115023085497,0.6533887851563599,0.8083246780572518,1.0791885943135209e-11,95.46170715802288,-99.91623644282603,-99.84948140943494
0.00016922203516410374,0.6533887851563599,0.8083246780572518,-1.0497195815412699e-11,94.14931674213815,-99.91506882426609,-99.8473832619124
0.00017397264323438006,0.6533887851563599,0.8083246780572518,1.0210552684464881e-11,92.85496883413421,-99.91388492973662,-99.84525586735128
0.0001788566161883462,0.6533887851563599,0.8083246780572518,-9.931736813860136e-12,91.57841538885098,-99.91268453235949,-99.84309881806374
0.0001838776980082327,0.6533887851563599,0.8083246780572518,0.0,90.31941177120898,-99.9114674020939,-99.84091170067893
0.00018903973778192215,0.6533887851563599,0.8083246780572518,0.0,89.07771670932763,-99.91023330569251,-99.83869409606392
0.000194346692653602,0.6533887851563599,0.8083246780572518,9.140144425129879e-12,87.8530922482891,-99.90898200665657,-99.83644557924323
0.00019980263085725506,0.6533887851563599,0.8083246780572518,-8.890557805864591e-12,86.64530370453687,-99.90771326519067,-99.83416571931748
0.00020541173483530642,0.6533887851563599,0.8083246780572518,0.0,85.45411962090199,-99.9064268381568,-99.83185407938079
0.00021117830444482443,0.6533887851563599,0.8083246780572518,0.0,84.27931172224696,-99.90512247902774,-99.82951021643704
0.0002171067602537265,0.6533887851563599,0.8083246780572518,8.18195083987377e-12,83.12065487172009,-99.9037999378398,-99.827133681315
0.00022320164692952345,0.6533887851563599,0.8083246780572518,-7.958529266413254e-12,81.97792702761052,-99.90245896114497,-99.82472401858222
0.0002294676367231936,0.6533887851563599,0.8083246780572518,7.741208585082813e-12,80.85090920079715,-99.90109929196225,-99.82228076645774
0.00023590953305086362,0.6533887851563599,0.8083246780572518,-7.529822201026767e-12,79.73938541278186,-99.8997206697285,-99.81980345672369
0.00024253227417603528,0.6533887851563599,0.8083246780572518,0.0,78.64314265430032,-99.89832283024847,-99.81729161463547
0.00024934093699518806,0.6533887851563599,0.8083246780572518,0.0,77.56197084450113,-99.89690550564417,-99.81474475883074
0.0002563407409296515,0.6533887851563599,0.8083246780572518,0.0,76.49566279068696,-99.89546842430354,-99.81216240123734
0.0002635370519267393,0.6533887851563599,0.8083246780572518,6.740444375518248e-12,75.44401414860832,-99.8940113108284,-99.80954404697955
0.0002709353865732052,0.6533887851563599,0.8083246780572518,-6.556385497913869e-12,74.40682338330382,-99.89253388598162,-99.80688919428343
0.0002785414163241769,0.6533887851563599,0.8083246780572518,0.0,73.38389173047858,-99.89103586663374,-99.80419733438049
0.00028636097185081157,0.6533887851563599,0.8083246780572518,0.0,72.37502315841361,-99.88951696570855,-99.80146795141039
0.00029440004751000336,0.6533887851563599,0.8083246780572518,6.0338198122739504e-12,71.38002433039873,-99.88797689212822,-99.79870052232188
0.0003026648059395692,0.6533887851563599,0.8083246780572518,-5.86905647614319e-12,70.39870456768212,-99.88641535075739,-99.79589451677273
0.000311161582782436,0.6533887851563599,0.8083246780572518,5.70879227286319e-12,69.43087581292936,-99.8848320423467,-99.79304939702799
0.00031989689154345377,0.6533887851563599,0.8083246780572518,-5.552904346239813e-12,68.47635259418433,-99.88322666347544,-99.79016461785697
0.000328877428582551,0.6533887851563599,0.8083246780572518,1.0802546389737232e-11,67.53495198932626,-99.88159890649335,-99.78723962642883
0.00033811007824806853,0.6533887851563599,0.8083246780572518,-1.0507565161053569e-11,66.60649359101468,-99.87994845946172,-99.78427386220645
0.00034760191815419775,0.6533887851563599,0.8083246780572518,1.0220638878133295e-11,65.69079947211704,-99.87827500609352,-99.78126675683922
0.0003573602246065788,0.6533887851563599,0.8083246780572518,-9.941547587484635e-12,64.78769415161088,-99.87657822569294,-99.778217734054
0.0003673924781802074,0.6533887851563599,0.8083246780572518,9.670077341806332e-12,63.89700456095551,-99.87485779309378,-99.77512620954472
0.00037770636945393685,0.6533887851563599,0.8083246780572518,-9.406020035978694e-12,63.018560010925356,-99.87311337859721,-99.77199159086038
0.0003883098049059605,0.6533887851563599,0.8083246780572518,9.149173247533331e-12,62.15219215889977,-99.87134464790861,-99.76881327729157
0.00039921091297480534,0.6533887851563599,0.8083246780572518,-8.899340081478977e-12,61.29773497660214,-99.86955126207343,-99.76559065975529
0.0004104180502904709,0.6533887851563599,0.8083246780572518,0.0,60.45502471828292,-99.86773287741231,-99.76232312067825
0.0004219398080805024,0.6533887851563599,0.8083246780572518,4.2099768862324015e-12,59.62389988933964,-99.86588914545517,-99.75901003387855
0.0004337850187558989,0.6533887851563599,0.8083246780572518,0.0,58.804201215368636,-99.86401971287444,-99.75565076444563
0.00044596276268190954,0.6533887851563599,0.8083246780572518,-7.966390865092326e-12,57.99577161164223,-99.86212422141737,-99.75224466861863
0.0004584823751389096,0.6533887851563599,0.8083246780572518,0.0,57.19845615300539,-99.86020230783737,-99.74879109366302
0.0004713534534786907,0.6533887851563599,0.8083246780572518,7.53726031406093e-12,56.41210204418621,-99.85825360382438,-99.74528937774548
0.00048458586448164956,0.6533887851563599,0.8083246780572518,0.0,55.63655859051482,-99.85627773593426,-99.7417388498071
0.0004981897519205165,0.6533887851563599,0.8083246780572518,-7.131246006375734e-12,54.87167716904462,-99.85427432551732,-99.73813882943482
0.0005121755443364242,0.6533887851563599,0.8083246780572518,0.0,54.117311200070645,-99.85224298864567,-99.73448862673092
0.0005265539630332755,0.6533887851563599,0.8083246780572518,6.7471027249223974e-12,53.37331611903933,-99.85018333603966,-99.73078754218093
0.0005413360302965381,0.6533887851563599,0.8083246780572518,-6.562862030178118e-12,52.63954934884465,-99.84809497299332,-99.7270348665195
0.0005565330778427646,0.6533887851563599,0.8083246780572518,3.1918261647371814e-12,51.915870272505124,-99.84597749929871,-99.72322988059452
0.0005721567555063251,0.6533887851563599,0.8083246780572518,-3.1046681216378873e-12,51.2021402062162,-99.84383050916914,-99.71937185522928
0.0005882190401699955,0.6533887851563599,0.8083246780572518,6.0397801434203235e-12,50.498222372773455,-99.84165359116155,-99.71546005108276
0.0006047322449462648,0.6533887851563599,0.8083246780572518,-5.874854050681864e-12,49.80398187536084,-99.8394463280975,-99.7114937185079
0.0006217090286163827,0.6533887851563599,0.8083246780572518,5.714431535130006e-12,49.119285671699615,-99.83720829698339,-99.70747209740797
0.0006391624053344006,0.6533887851563599,0.8083246780572518,-5.558389619210742e-12,48.44400254855232,-99.8349390689293,-99.70339441709095
0.000657105754603627,0.6533887851563599,0.8083246780572518,0.0,47.77800309657762,-99.8326382090668,-99.69925989612175
0.000675552831533164,0.6533887851563599,0.8083246780572518,5.25897237487353e-12,47.1211596855305,-99.83030527646562,-99.69506774217247
0.0006945177773823696,0.6533887851563599,0.8083246780572518,0.0,46.47334643980367,-99.82793982404921,-99.69081715187065
0.0007140151304013403,0.6533887851563599,0.8083246780572518,0.0,45.83443921430511,-99.82554139850893,-99.68650731064523
0.0007340598369757212,0.6533887851563599,0.8083246780572518,-4.839814821414901e-12,45.20431557066726,-99.82310954021736,-99.68213739257045
0.0007546672630843887,0.6533887851563599,0.8083246780572518,4.707655747885844e-12,44.58285475378322,-99.82064378314006,-99.67770656020762
0.0007758532060787836,0.6533887851563599,0.8083246780572518,0.0,43.969937668665615,-99.81814365474634,-99.67321396444461
0.0007976339067929281,0.6533887851563599,0.8083246780572518,-4.454065516202802e-12,43.36544685762363,-99.81560867591868,-99.66865874433311
0.0008200260619934131,0.6533887851563599,0.8083246780572518,0.0,42.76926647775371,-99.81303836086096,-99.66404002692367
0.0008430468371788967,0.6533887851563599,0.8083246780572518,4.214135587874349e-12,42.18128227873969,-99.81043221700529,-99.65935692709837
0.0008667138797389233,0.6533887851563599,0.8083246780572518,-4.099061710965873e-12,41.60138158095824,-99.80778974491763,-99.6546085474013
0.0008910453324821513,0.6533887851563599,0.8083246780572518,3.98713011481003e-12,41.02945325388534,-99.80511043820215,-99.64979397786638
0.0009160598475443709,0.6533887851563599,0.8083246780572518,-3.878254994282367e-12,40.4653876947994,-99.80239378340411,-99.64491229584321
0.0009417766006869519,0.6533887851563599,0.8083246780572518,1.8861764436539813e-12,39.90907680777741,-99.7996392599115,-99.6399625658201
0.0009682153059967086,0.6533887851563599,0.8083246780572518,-1.834671305440289e-12,39.360413982979686,-99.79684633985525,-99.63494383924483
0.0009953962309984233,0.6533887851563599,0.8083246780572518,3.5691451988289962e-12,38.81929407621952,-99.79401448800807,-99.62985515434288
0.0010233402121916423,0.6533887851563599,0.8083246780572518,-3.4716838412826677e-12,38.28561338881355,-99.79114316168194,-99.62469553593311
0.001052068671023623,0.6533887851563599,0.8083246780572518,0.0,37.75926964770938,-99.78823181062401,-99.6194639952409
0.0010816036303107094,0.6533887851563599,0.8083246780572518,3.2846724800469858e-12,37.24016198588611,-99.78527987691123,-99.61415952970864
0.0011119677311206989,0.6533887851563599,0.8083246780572518,0.0,36.72819092302456,-99.78228679484342,-99.6087811228036
0.0011431842501291502,0.6533887851563599,0.8083246780572518,-3.1077349765789163e-12,36.22325834644314,-99.77925199083477,-99.60332774382314
0.0011752771174629451,0.6533887851563599,0.8083246780572518,0.0,35.72526749229581,-99.77617488330411,-99.5977983476972
0.001208270935044776,0.6533887851563599,0.8083246780572518,1.4701643380459387e-12,35.23412292702846,-99.77305488256326,-99.592191874788
0.0012421909954526175,0.6533887851563599,0.8083246780572518,0.0,34.74973052909039,-99.76989139070413,-99.58650725068698
0.0012770633013086446,0.6533887851563599,0.8083246780572518,-2.7819401553234907e-12,34.271997470897105,-99.76668380148413,-99.58074338600888
0.0013129145852124654,0.6533887851563599,0.8083246780572518,0.0,33.800832201041054,-99.76343150020996,-99.57489917618307
0.0013497723302339417,0.6533887851563599,0.8083246780572518,2.632083647902863e-12,33.336144426747005,-99.76013386361984,-99.56897350124173
0.0013876647909813085,0.6533887851563599,0.8083246780572518,0.0,32.87784509656857,-99.75679025976403,-99.56296522560537
0.0014266210152607383,0.6533887851563599,0.8083246780572518,-2.4902995545394967e-12,32.425846383322714,-99.75340004788379,-99.55687319786506
0.0014666708663439686,0.6533887851563599,0.8083246780572518,28913.724376448812,31.980061667258738,-99.74996257828853,-99.55069625056191
0.0015078450458610511,9.963580030302962,3.1565139046585813,27606.04376994125,31.540405519458705,-96.13400957883664,-98.22100824352799
0.0015501751173357704,9.692339299091495,3.1132522061489807,-1000.9783276148823,31.106793685466105,-96.18683153091342,-98.22093196175112
0.001593693530381776,9.428537745941215,3.0705924096078294,-960.0933254996834,30.6791430691396,-96.23890977160994,-98.2208504750407
0.0016384336455779846,9.171973408637514,3.028526606889481,-920.8677471272584,30.257371716728688,-96.29025362435802,-98.22076343768073
0.0016844297600423152,8.9224498761384,2.9870470160575646,-883.2340340213973,29.841398801168303,-96.34087224119332,-98.22067048190718
0.001731717133723353,8.679776137683055,2.9461459803755576,-847.1273767931998,29.431144606589356,-96.39077460328679,-98.22057121658997
0.001780332016430114,8.443766436003639,2.90581596733235,-812.485603430695,29.026530513042225,-96.43996952141154,-98.22046522584445
0.001830311675620613,8.21424012452553,2.866049567702124,-779.2490721384086,28.62747898143026,-96.4884656363459,-98.22035206756958
0.0018816944249705557,7.991021528444199,2.826839494637819,-747.3605685420267,28.2339135386504,-96.53627141921342,-98.22023127190982
0.0019345196537440441,7.773939809569654,2.788178582797317,-716.7652070803983,27.84575876293804,-96.58339517176098,-98.22010233963779
0.0019888278569888096,7.562828834832555,2.7500597875014563,-687.4103364146544,27.46294026941347,-96.62984502657605,-98.21996474045427
0.0020446606665791177,7.357527048348404,2.7124761839228015,-659.2454486911982,27.08538469582698,-96.67562894724469,-98.2198179112032
0.002102060883130158,7.15787734693916,2.6754209663040247,-632.2220925017355,26.713019688499905,-96.72075472845161,-98.21966125399778
0.0021610725088083765,6.963726959014083,2.6388874472046138,-606.2937893900393,26.345773888458922,-96.76522999602443,-98.2194941342554
0.0022217407810628848,6.774927326714247,2.6028690567745136,-581.415953760889,25.98357691776109,-96.80906220692403,-98.21931587863781
0.0022841122073038256,6.591333991227488,2.5673593420531313,-557.5458160531269,25.62635936600681,-96.85225864918323,-98.2191257728941
0.0023482346005542763,6.412806481182964,2.5323519662920013,-534.6423490437743,25.274052777038197,-96.89482644179655,-98.2189230596031
0.002414157116103018,6.239208204036875,2.497840708299245,-512.6661971556911,24.926589635820314,-96.93677253456372,-98.21870693581286
0.002481930289186255,6.070406340363186,2.463819461803804,-491.57960864664113,24.58390335550281,-96.97810370789013,-98.21847655057435
0.0025516060737271863,5.906271740965276,2.430282234837196,-471.3463705622189,24.245928264659415,-97.01882657254795,-98.21823100236686
0.0026232378821631234,5.74667882672673,2.397223149130412,-451.9317463402014,23.912599594702854,-97.05894756940111,-98.21796933641292
0.0026968806263906924,5.591505491121471,2.364636439523309,-433.3024159581035,23.58385346747274,-97.0984729690989,-98.21769054188042
0.002772590759860481,5.440633005305711,2.332516453383708,-415.42641852015777,23.259626882994162,-97.13740887174221,-98.21739354897028
0.0028504263208534346,5.293945925715925,2.3008576500331186,-398.2730971844066,22.93985770740457,-97.17576120652744,-98.21707722588789
0.0029304469769721444,5.151332004099287,2.2696546001758255,-381.81304633407717,22.624484661046612,-97.21353573137344,-98.21674037569727
0.0030127140708811643,5.012682099904791,2.238901985327806,-366.0180609017226,22.31344730672467,-97.25073803253657,-98.21638173305675
0.0030972906673314067,4.877890094965256,2.2085945972417065,-350.8610877580387,22.006686038122822,-97.28737352422073,-98.21599996083604
0.003184241601504653,4.746852810402334,2.178727337323864,-336.3161790807687,21.704142068382083,-97.32344744818775,-98.21559364661448
0.0032736335287152475,4.619469925688384,2.1492952160390586,-322.3584476227348,21.405757418834664,-97.35896487337601,-98.21516129906088
0.0033655349755070943,4.495643899800933,2.120293352298434,-308.96402380096185,21.111474907893104,-97.39393069553371,-98.21470134419626
0.003460016392185109,4.375279894407322,2.0917169728257505,-296.11001453218194,20.82123814009212,-97.42834963687503,-98.21421212154097
0.0035571502068213858,4.258285699018849,2.0635614114968446,-283.77446374294067,20.53499149528116,-97.46222624576684,-98.21369188014864
0.003657010880777493,4.14457165805546,2.0358221086468875,-271.9363144852428,20.252680117965546,-97.49556489645491,-98.21313877453018
0.0037596749657854674,4.034050599763887,2.0084946103397656,-260.575372591657,19.974249906794093,-97.52836978883815,-98.21255086047151
0.0038652211626312616,3.9266377669337356,1.9815745675935932,-249.67227180621236,19.69964750419125,-97.56064494830055,-98.21192609075014
0.003973730381485609,3.8222507493579356,1.9550577355561487,-239.20844033002015,19.428820286131856,-97.59239422561025,-98.21126231075618
0.004085285803928565,3.720809417985514,1.9289399726236982,-229.16606872290762,19.16171635205641,-97.62362129689606,-98.2105572540246
0.004199972946715307,3.6222358607164833,1.9032172394964488,-219.5280791048027,18.898284514924992,-97.65432966371189,-98.2098085376865
0.004317879727332021,3.526454319790296,1.8778855981636091,-210.27809560266434,18.6384742914079,-97.68452265319954,-98.2090136578487
0.004439096531392171,3.4333911307211054,1.85294121081083,-201.40041599087985,18.382235892211185,-97.71420341836146,-98.2081699849115
0.0045637162819247585,3.34297466273472,1.8283803386425703,-192.87998447530566,18.1295202125352,-97.74337493845438,-98.20727475883643
0.004691834510607799,3.2551352606638586,1.8041993406117458,-184.70236557283823,17.88027882266425,-97.77204001951559,-98.20632508437657
0.004823549431001467,3.1698051882601335,1.7803946720489066,-176.85371904036538,17.634463958685693,-97.80020129503345,-98.2053179262842
0.004958962013837212,3.0869185728827766,1.7569628831830162,-169.3207758088507,17.39202851333657,-97.82786122677436,-98.20425010451083
0.005098176064420425,3.0064113515259874,1.7339006175458809,-162.09081487994973,17.152926026976118,-97.85502210577762,-98.20311828941767
0.0052412983022060615,2.9282212181484226,1.7112046102522114,-155.15164114418465,16.91711067868239,-97.88168605353049,-98.20191899701454
0.005388438442608223,2.8522875722701424,1.688871686147335,-148.49156408149292,16.684537277471254,-97.90785502333519,-98.20064858424844
0.005539709281106401,2.778551468804023,1.66689875781465,-142.09937730634857,16.455161253636092,-97.93353080187963,-98.19930324436307
0.005695226779712825,2.706955569090447,1.6452828234350612,-135.9643389212109,16.228938650206622,-97.95871501102337,-98.19787900235352
0.005855110155867244,2.63744409310579,1.6240209644908499,-130.07615264356147,16.00582611452511,-97.98340910981001,-98.19637171054111
0.006019481973827274,2.569962772816916,1.603110343306697,-124.42494967316343,15.785780889938385,-98.00761439671697,-98.19477704429526
0.006188468238624383,2.5044588066557054,1.5825482004209872,-119.00127126742471,15.568760807604049,-98.03133201215273,-98.19309049793105
0.006362198492657489,2.44088081508933,1.5623318517809621,-113.79605199432021,15.354724278409378,-98.05456294121167,-98.19130738081205
0.006540805914998259,2.3791787972636538,1.5424586857558467,-108.80060363334819,15.14363028500133,-98.07730801669527,-98.18942281369041
0.006724427423484249,2.31930408869886,1.522926159962741,-104.00659969640789,14.935438373926058,-98.09956792240804,-98.18743172531629
0.006913203779678127,2.261209320018074,1.5037317979008338,-99.40606054168674,14.730108647876536,-98.12134319673554,-98.18532884935102
0.007107279696773419,2.204848376691338,1.4848731853903678,-94.9913390547489,14.52760175804674,-98.1426342365109,-98.18310872161896
0.007306803950529507,2.150176359778962,1.4663479668137989,-90.75510687232887,14.327878896590997,-98.163441301175,-98.18076567773385
0.007511929493320969,2.0971495476596944,1.448153841157663,-86.69034112537153,14.130901789186922,-98.183764517234,-98.17829385113627
0.007722813571388642,2.0457253587307944,1.4302885578549507,-82.79031167900924,13.936632687700632,-98.20360388301745,-98.17568717157937
0.007939617845382276,1.995862315068445,1.4127499124291054,-79.0485688483161,13.74503436295282,-98.22295927373753,-98.17293936409978
0.008162508514287228,1.9475200070383176,1.395535741942254,-75.45893156972916,13.55607009758425,-98.24183044684912,-98.1700439485112
0.00839165644283016,1.9006590588474281,1.378643920251864,-72.01547600913494,13.369703679019361,-98.26021704770888,-98.16699423945691
0.00862723729246145,1.8552410950296,1.3620723530817296,-68.7125245886495,13.185899392526581,-98.2781186155291,-98.16378334705706
0.008869431656014705,1.8112287078579978,1.3458189729150045,-65.54463541520451,13.004622014374046,-98.29553458962083,-98.16040417818549
0.00911842519614657,1.7685854256792035,1.3298817337189062,-62.50659209506283,12.825836805079437,-98.31246431591848,-98.1568494384088
0.009374408787663,1.7272756821642086,1.3142586055127083,-59.59339391939736,12.64950950275261,-98.3289070537763,-98.15311163461871
0.009637578663841089,1.687264786472498,1.2989475687927123,-56.80024640712458,12.47560631652974,-98.34486198302514,-98.14918307838578
0.009908136566858666,1.648518894326053,1.2839466088299984,-54.12255219209827,12.304093920097724,-98.36032821127542,-98.1450558900601
0.010186289902446875,1.6110049799906714,1.2692537098589358,-51.55590224275947,12.134939445307625,-98.37530478145062,-98.14072200364058
0.010472251898884344,1.5746908091623584,1.2548668491765804,-49.09606740331458,11.968110475875935,-98.3897906795333,-98.13617317243049
0.010766241770454934,1.539544912756786,1.2407839911752512,-46.738990246361176,11.803575041172376,-98.40378484250319,-98.13140097549281
0.011068484885494119,1.5055365615999927,1.2270030813327213,-44.48077722781332,11.641301610093178,-98.41728616644548,-98.12639682491358
0.01137921293915315,1.4726357420183205,1.213522040186465,-42.31769113580518,11.481259085018499,-98.43029351480492,-98.12115197387608
0.01169866413101307,1.440813132325503,1.2003387573204087,-40.24614382601383,11.323416795853017,-98.44280572675926,-98.11565752554274
0.01202708334768512,1.410040080204334,1.187451085394398,-38.26268923668098,11.167744494148359,-98.45482162568453,-98.10990444273591
0.01236472235053715,1.3802885809799148,1.1748568342482903,-36.36401667721439,11.014212347306405,-98.46634002768161,-98.1038835584009
0.012711839968690289,1.3515312567807019,1.1625537651139848,-34.54694438497515,10.862790932862223,-98.47735975013323,-98.09758558682906
0.013068702297433463,1.3237413365828183,1.1505395849699471,-32.808413345344576,10.713451232845669,-98.48787962025821,-98.09100113561045
0.013435582902208263,1.296892637132031,1.1388119410736923,-31.145481370766806,10.56616462822042,-98.49789848362876,-98.08412071827918
0.013812763028320095,1.2709595447367124,1.127368415708331,-29.55531743477775,10.420902893399552,-98.50741521261583,-98.07693476760613
0.014200531816536832,1.2459169979237994,1.1162065211795706,-28.035196257462115,10.27763819083642,-98.51642871472605,-98.06943364948783
0.014599186524739786,1.221740470948395,1.105323695099492,-26.58249313898764,10.136343065689998,-98.52493794079409,-98.06160767737147
0.015009032755797366,1.1984059581461115,1.0947172959929479,-25.194679038051206,9.996990440563462,-98.53294189299292,-98.05344712715024
0.015430384691835646,1.1758899591156868,1.084384599261575,-23.86931589211925,9.859553610315203,-98.54043963262524,-98.04494225245614
0.015863565335085896,1.1541694647176686,1.074322793539106,-22.604052176380975,9.72400623694109,-98.54743028765901,-98.03608330027082
0.016308906755493326,1.133221943873207,1.0645289774699451,-21.396618698162094,9.590322344527145,-98.553913059971,-98.02686052677035
0.01676675034527699,1.1130253311451965,1.0550001569408398,-20.24482462338698,9.458476314271607,-98.55988723226238,-98.01726421331377
0.0172374470806362,1.093558015082102,1.045733242792875,-19.146553731401475,9.328442879575384,-98.56535217461261,-98.00728468248204
0.017721357790803586,1.0747988273030096,1.0367250490380802,-18.09976089406789,9.200197121200073,-98.57030735063798,-97.99691231407006
0.01821885343465167,1.0567270323005007,1.02797229160153,-17.10246877466782,9.073714462492473,-98.57475232322415,-97.98613756093275
0.018730315385064367,1.0393223179361928,1.0194715876061444,-16.152764741602972,8.94897066467481,-98.57868675980332,-97.974950964584
0.019256135721291985,1.022564786601947,1.0112194552133316,-15.24879799139609,8.825941822199667,-98.58211043714914,-97.96334317044804
0.019796717529513327,1.0064349470180662,1.003212314028325,-14.388776874856017,8.704604358168812,-98.58502324566525,-97.95130494266323
0.020352475211835776,0.9909137066381758,0.9954464860745533,-13.570966419720438,8.584935019814969,-98.5874251931461,-97.93882717834
0.020923834803969768,0.9759823646289737,0.9879181973366893,-12.793686042437615,8.466910874045741,-98.58931640799175,-97.9259009211788
0.021511234301821672,0.9616226053916539,0.9806235798672465,-12.055307441160968,8.350509303048758,-98.5906971418617,-97.91251737435718
0.022115123997254887,0.9478164925906069,0.9735586744467982,-11.354252661420805,8.235707999957292,-98.59156777175647,-97.8986679126017
0.022735966823277175,0.9345464636539085,0.9667194337830953,-10.68899232539793,8.122484964575396,-98.59192880151899,-97.8843440933657
0.02337423870891815,0.9217953247092832,0.9601017262297173,-10.058044015202855,8.010818499161884,-98.5917808627517,-97.86953766704232
0.024030428944069697,0.9095462459184988,0.9537013400003687,-9.45997080013307,7.900687204272208,-98.59112471514956,-97.85424058615001
0.024705040554568253,0.8977827571727359,0.9475139878506997,-8.893379897481639,7.792069974657558,-98.58996124625237,-97.83844501343684
0.025398590687807265,0.8864887441111823,0.9415353121955555,-8.35692145620837,7.6849459952202785,-98.58829147062418,-97.8221433288596
0.026111611009174595,0.8756484444251057,0.9357608906259685,-7.849287452570999,7.579294737024957,-98.58611652847156,-97.80532813540397
0.026844648109619625,0.8652464444098378,0.9301862417870078,-7.369210686718055,7.475095953364291,-98.5834376837156,-97.78799226372234
0.027598263924661803,0.8552676757275476,0.9248068315748688,-6.9154638692406385,7.372329675879073,-98.58025632153759,-97.77012877557657
0.028373036165162114,0.8456974123443285,0.9196180796093172,-6.486858786796228,7.270976210731528,-98.5765739454201,-97.7517309660837
0.02916955876018796,0.836521267606001,0.9146153659358676,-6.082245536117962,7.171016134831211,-98.57239217371043,-97.7327923647733
0.029988442312310275,0.8277251914181297,0.9097940379108503,-5.700511816027478,7.072430292112853,-98.56771273573524,-97.71330673547534
0.03083031456568277,0.8192954674970463,0.9051494172218454,-5.340582267477812,6.975199789865318,-98.56253746749884,-97.6932680750673
0.03169582088726115,0.8112187106601698,0.9006768069958112,-5.001417852133003,6.8793059951110855,-98.55686830700012,-97.67267061111914
0.03258562476153226,0.8034818641255624,0.8963714989475973,-4.682015260564972,6.784730531035454,-98.55070728920539,-97.65150879848275
0.033500408299131326,0.7960721967925282,0.8922287805224219,-4.381406341768684,6.691455273464882,-98.54405654071687,-97.6297773148812
0.034440872759738235,0.7889773004769957,0.8882439419872199,-4.09865754640709,6.599462347393703,-98.53691827417785,-97.60747105555996
0.035407739089652696,0.7821850870775592,0.8844122834275648,-3.832869376905949,6.508734123558631,-98.52929478245743,-97.58458512706866
0.03640174847446141,0.7756837856502281,0.8807291216090383,-3.5831758383042978,6.419253215060314,-98.52118843265842,-97.56111484024727
0.03742366290721981,0.7694619393722556,0.8771897966644708,-3.3487438845377597,6.3310024740313855,-98.51260165999317,-97.53705570249514
0.03847426577258506,0.7635084023777067,0.8737896785712833,-3.1287728556268077,6.243964988350271,-98.50353696157202,-97.51240340940448
0.039554362447347016,0.7578123364498719,0.8705241733862833,-2.9224939020217553,6.158124078400216,-98.49399689014946,-97.48715383584279
0.04066478091781858,0.7523632075579648,0.8673887292085163,-2.729169393131642,6.073463293872834,-98.48398404787262,-97.4613030265694
0.04180637241455758,0.7471507822279715,0.8643788418442295,-2.548092307789784,5.989966410615638,-98.47350108007615,-97.43484718647292
0.04298001206490799,0.7421651237398526,0.8614900601515101,-2.3785856051257013,5.907617427522864,-98.46255066916643,-97.40778267051515
0.04418659956385941,0.7373965881456124,0.8587179910457288,-2.220001574964109,5.826400563469091,-98.45113552863735,-97.38010597346623
0.04542705986374043,0.7328358201049872,0.856058304150475,-2.071721167486287,5.746300254284968,-98.43925839725762,-97.35181371951397
0.04670234388327335,0.7284737485376489,0.8535067360821758,-1.9331533024359293,5.66730114977455,-98.42692203346874,-97.3229026518278
0.048013429236534504,0.7243015820928698,0.8510590943600037,-1.8037341586535818,5.589388110773642,-98.41412921003008,-97.2933696221541
0.04936132098237917,0.7203108044395251,0.8487112609359706,-1.6829264451559571,5.5125462062485475,-98.40088270894573,-97.26321158051651
0.05074705239490466,0.7164931693811031,0.8464591953432269,-1.5702186553402384,5.436760710434753,-98.38718531670565,-97.23242556509055
0.05217168575554349,0.7128406958020617,0.8442989374635395,-1.4651243062195474,5.362017100014903,-98.37303981987088,-97.20100869231713
0.053636313167392397,0.7093456624533679,0.8422266099176444,-1.3671811648293917,5.288301051335609,-98.3584490010302,-97.1689581473152
0.05514205739240302,0.7060006025864299,0.8402384200846983,-1.2759504641435468,5.215598437662492,-98.34341563515335,-97.13627117464823
0.05669007271207434,0.7027982984458173,0.8383306617593188,-1.1910161109771977,5.143895326472991,-98.32794248636286,-97.10294506949495
0.058281545812308454,0.6997317756322162,0.8364997164567458,-1.1119838884311217,5.073177976786353,-98.31203230514393,-97.06897716926888
0.05991769669310619,0.6967942973479345,0.8347420543784376,-1.0384806554767596,5.003432836530373,-98.29568782600981,-97.0343648457265
0.06159977960380168,0.6939793585380033,0.8330542350519582,-0.970153546270453,4.934646539944292,-98.27891176563662,-96.99910549759885
0.06332908400455114,0.6912806799404838,0.8314329076603137,-0.9066691717434,4.866805905017442,-98.26170682147975,-96.96319654377633
0.06510693555481462,0.6886922020600063,0.8298748110769517,-0.8477128259394978,4.799897930963059,-98.24407567088119,-96.92663541707172
0.0669346971295866,0.6862080790788423,0.8283767736234776,-0.7929876994613246,4.733909795726875,-98.22602097067478,-96.88941955858223
0.0688137698641567,0.6838226727199531,0.8269357125677625,-0.7422141022646054,4.668828853529912,-98.20754535729449,-96.85154641266638
0.07074559422819879,0.6815305460764661,0.8255486333805333,-0.6951286978852932,4.604642632445099,-98.18865144738787,-96.81301342254856
0.07273165113001454,0.6793264574219264,0.8242126287687701,-0.6514837510243432,4.541338832007177,-98.16934183893595,-96.77381802655921
0.07477346305177589,0.6772053540154613,0.8229248775042964,-0.6110463902436977,4.47890532085547,-98.14961911287806,-96.73395765501596
0.07687259521663728,0.6751623659156843,0.821682643065852,-0.5735978873423108,4.4173301344090845,-98.12948583523867,-96.69342972774753
0.07903065678861348,0.6731927998167617,0.8204832721126992,-0.5389329548018679,4.356601472574023,-98.1089445597519,-96.65223165225945
0.08124930210614047,0.6712921329196122,0.8193241928074699,-0.5068590625028011,4.2967076974818745,-98.08799783097764,-96.61036082253794
0.08353023195026779,0.6694560068506547,0.818202913005481,-0.47719577473424574,4.237637331259543,-98.06664818790209,-96.56781461848627
0.0858751948484517,0.6676802216399432,0.8171170183272058,-0.44977410833891585,4.179379053829684,-98.04489816801424,-96.52459040598585
0.0882859884149515,0.6659607297698897,0.8160641701299536,-0.42443591266719577,4.121921700741331,-98.02275031184897,-96.48068553757231
0.09076446072885357,0.6642936303051077,0.8150421033941178,-0.4010332718458195,4.0652542610303986,-98.00020716798615,-96.43609735371601
0.09331251175078249,0.6626751631132263,0.8140486245386244,-0.3794279297160594,4.009365875109548,-97.97727129849476,-96.39082318469444
0.09593209477938242,0.661101703185807,0.8130816091794273,-0.3594907376515267,3.954245832687107,-97.95394528481005,-96.34486035304349
0.09862521794868784,0.6595697550677849,0.8121389998441061,-0.3411011253295796,3.899883570714564,-97.93023173403127,-96.29820617657371
0.10139394576752918,0.6580759474031549,0.8112188036548185,-0.32414659440838195,3.846268671362308,-97.90613328562682,-96.25085797193687
0.10424040070215568,0.6566170276038857,0.8103190899910268,-0.3085222349541863,3.793390860023175,-97.8816526185334,-96.20281305872767
0.10716676480328632,0.6551898566483856,0.8094379881426282,-0.294130264355736,3.7412400033434605,-97.85679245863528,-96.15406876410576
0.11017528137883874,0.653791404015136,0.8085736849633037,-0.2808795883832386,3.6898061072809822,-97.83155558660944,-96.1046224279217
0.11326825671361537,0.6524187427564726,0.8077244225331265,-0.2686853839624114,3.6390793151898633,-97.80594484612175,-96.0544714083322
0.11644806183726866,0.6510690447168505,0.8068884958387066,-0.2574687031744322,3.589049905931618,-97.77996315235968,-96.0036130878882
0.11971713434189668,0.6497395758993451,0.806064250478425,-0.2471560979297593,3.539708292012234,-97.75361350088616,-95.95204488008078
0.12307798025066645,0.6484276919835547,0.8052500803995952,-0.23767926471956002,3.4910450177448418,-97.72689897679902,-95.8997642363292
0.1265331759388943,0.6471308339975402,0.8044444256737319,-0.22897470880811727,3.4430507574376565,-97.69982276418064,-95.84676865339591
0.13008537010905705,0.645846524145944,0.8036457703154692,-0.2209834271974093,3.3957163136068367,-97.67238815582127,-95.7930556812133
0.13373728582124964,0.6445723617959476,0.8028526401500761,-0.2136506096766164,3.3490326152138894,-97.6445985632,-95.73862293110719
0.1374917225806419,0.6433060196223039,0.8020636007339468,-0.20692535724699454,3.3029907159273386,-97.61645752670648,-95.68346808440266
0.14135155848353956,0.6420452399122858,0.8012772553319393,-0.20076041720737467,3.257581792408261,-97.58796872608609,-95.62758890139695
0.14531975242368952,0.6407878310310152,0.8004922429549304,-0.1951119341792164,3.2127971426194195,-97.55913599109105,-95.57098323068554
0.14939934636052576,0.6395316640473245,0.7997072364605216,-0.18993921635182132,3.168628184157616,-97.52996331231934,-95.5136490188264
0.1535934676510897,0.6382746695199855,0.798920940719409,-0.18520451623107148,3.1250664526089986,-97.50045485222249,-95.45558432032847
0.15790533144741759,0.6370148344438862,0.7981320908495574,-0.1808728251880726,3.0821035999269513,-97.4706149562629,-95.39678730794967
0.16233824316122783,0.6357501993554848,0.7973394505199682,-0.17691168111156386,3.0397313928323095,-97.44044816420099,-95.33725628328995
0.16689560099780248,0.6344788555966664,0.7965418103255261,-0.17329098848757568,2.997941711235548,-97.40995922149045,-95.27698968766475
0.17158089856100048,0.633198942735922,0.7957379862341134,-0.1699828502427541,2.9567265466806814,-97.37915309076101,-95.21598611324423
0.17639772753140454,0.6319086461456248,0.7949268181069404,-0.16696141071073067,2.9160780008105323,-97.34803496336508,-95.1542443144425
0.18134978041964953,0.6306061947340094,0.7941071682928,-0.16420270909938395,2.8759882838531268,-97.31661027096543,-95.09176321954217
0.18644085339704872,0.629289858830337,0.79327792029675,-0.1616845428600101,2.836449713128872,-97.28488469713882,-95.02854194253773
0.1916748492056815,0.6279579482216222,0.7924379775235549,-0.15938634038063032,2.797454711578281,-97.25286418897021,-94.96457979518141
0.19705578015018005,0.6266088103391857,0.7915862620960432,-0.15728904245217332,2.758995806309915,-97.22055496861034,-94.8998762992147
0.2025877711735017,0.6252408285932011,0.7907217137483965,-0.15537499197606014,2.7210656271683114,-97.18796354476895,-94.8344311987678
0.20827506301905144,0.6238524208533411,0.7898432887942652,-0.1536278314085372,2.683656905321577,-97.1550967241139,-94.76824447290858
0.21412201548157295,0.6224420380735319,0.788949959169485,-0.15203240746018057,2.646762471868415,-97.12196162254591,-94.70131634832187
0.220133110749303,0.6210081630587564,0.7880407115490649,-0.1505746825913956,2.610375256464302,-97.08856567631656,-94.63364731209924
0.22631295683995295,0.6195493093717914,0.7871145465380445,-0.14924165286976432,2.574488285966536,-97.05491665295668,-94.56523812461826
0.2326662911331458,0.6180640203776712,0.7861704779357154,-0.14802127177649416,2.5390946830979337,-97.02102266197986,-94.49608983248919
0.23919798400202397,0.6165508684236174,0.7852075320726473,-0.14690237957183794,2.5041876651288812,-96.98689216532522,-94.42620378154656
0.2459130425468044,0.6150084541520929,0.7842247472198852,-0.14587463785087393,2.469760542577516,-96.95253398750214,-94.35558162986119
0.25281661443315007,0.6134354059445575,0.7832211730696237,-0.1449284689421071,2.4358067179277696,-96.91795732539768,-94.28422536074808
0.2599139918382933,0.6118303794934234,0.7821958702866076,-0.14405499982034664,2.4023196843650427,-96.8831717577066,-94.21213729574346
0.2672106155079435,0.6101920574996119,0.781147910129453,-0.14324601022653177,2.3692930245292523,-96.84818725394277,-94.13932010752386
0.27471207892708116,0.6085191494930099,0.7800763741410259,-0.14249388470279128,2.336720409285033,-96.81301418298874,-94.06577683273866
0.28242413260784355,0.6068103917730272,0.7789803539069693,-0.14179156827200728,2.3045955965088334,-96.77766332113997,-93.9915108847261
0.2903526884977814,0.6050645474663131,0.7778589508814006,-0.1411325255047284,2.2729124298926995,-96.74214585959828,-93.91652606608206
0.29850382451187324,0.6032804066985831,0.7767112762787618,-0.14051070273445715,2.2416648377644903,-96.7064734113691,-93.84082658104917
0.30688378919176423,0.6014567868773492,0.775536451030736,-0.13992049319639518,2.2108468319243286,-96.67065801751498,-93.76441704769324
0.31549900649580886,0.5995925330821938,0.7743336058070797,-0.13935670487985366,2.180452506497028,-96.63471215271832,-93.68730250983207
0.32435608072358113,0.5976865185590666,0.7731018810991644,-0.13881453089668347,2.150476036800321,-96.59864873010481,-93.60948844868174
0.33346180157863625,0.5957376453149026,0.7718404273649461,-0.13828952218273044,2.1209116782286213,-96.56248110527926,-93.53098079418307
0.3428231493733971,0.5937448448086682,0.7705484052340049,-0.13777756235987118,2.0917537651521494,-96.5262230795247,-93.45178593597119
0.3524473003801584,0.5917070787347438,0.7692249857712267,-0.13727484459820527,2.0629967098311917,-96.48988890211623,-93.3719107339494
0.362341632332315,0.5896233398943357,0.7678693507976052,-0.13677785032866785,2.034635001345271,-96.45349327170088,-93.2913625284283
0.372513730080021,0.5874926531503948,0.7664806932665654,-0.13628332966573226,2.006663204537061,-96.41705133669532,-93.21014914978966
0.3829713914046281,0.5853140764612808,0.7650582176941051,-0.13578828341027055,1.9790759589707994,-96.38057869465388,-93.12827892763515
0.3937226329963479,0.5830867019881797,0.763601140640963,-0.13528994651015663,1.951867977905035,-96.34409139056066,-93.04576069937792
0.4047756965997322,0.5808096572710327,0.7621086912449121,-0.13478577286563773,1.925034047279486,-96.30760591400012,-92.96260381823636
0.41613905533167067,0.5784821064674835,0.7605801118011721,-0.13427342137324325,1.8985690247158395,-96.27113919516296,-92.87881816058773
0.4278214201767617,0.5761032516491035,0.7590146583888242,-0.13375074310972515,1.872467838532273,-96.23470859964493,-92.79441413264045
0.4398317466650224,0.5736723341488928,0.7574116015409936,-0.1332157695641587,1.8467254867715386,-96.19833192199967,-92.70940267638316
0.4521792417370702,0.5711886359538045,0.7557702269564504,-0.13266670183213114,1.8213370362423955,-96.16202737800783,-92.62379527476938
0.4648733708020257,0.5686514811357851,0.7540898362501547,-0.13210190069282896,1.7962976215742343,-96.12581359562895,-92.5376039560971
0.47792386499356,0.5660602373145797,0.7523697477401518,-0.1315198774938088,1.7716024442846836,-96.08970960460465,-92.45084129754325
0.4913407286296362,0.5634143171453105,0.7506092972680998,-0.13091928577503661,1.7472467718600504,-96.05373482468603,-92.36352042781381
0.5051342468816766,0.5607131798236039,0.748807839050583,-0.13029891356700812,1.7232259368483864,-96.01790905246183,-92.2756550288718
0.5193149936590212,0.5579563326008294,0.7469647465582492,-0.12965767630323544,1.699535335965039,-95.98225244676797,-92.18725933670639
0.5338938397147356,0.5551433323018083,0.7450794134196759,-0.12899461029126544,1.676170429210483,-95.94678551266419,-92.09834814110835
0.5488819609789671,0.5522737868371643,0.743151254346761,-0.12830886668981925,1.6531267390002953,-95.91152908396785,-92.00893678441842
0.5642908471262537,0.5493473567023345,0.7411797060783131,-0.12759970594413364,1.6303998493070773,-95.87650430434087,-91.91904115921781
0.5801323103833378,0.5463637564551026,0.7391642283384002,-0.12686649263434968,1.6079854048141824,-95.84173260693068,-91.82867770493182
0.596418494584246,0.5433227561634213,0.7371043048059218,-0.12610869069515934,1.5858791100810778,-95.80723569257258,-91.73786340332055
0.6131618844795775,0.5402241828151917,0.7349994440917569,-0.12532585896809792,1.5640767287201733,-95.77303550656646,-91.64661577283327
0.6303753153071275,0.5370679216816208,0.7328491807197581,-0.1245176470505447,1.542574082584978,-95.73915421404759,-91.55495286180592
0.648071982631197,0.5338539176257603,0.7306530761077793,-0.12368379140806646,1.521367050969406,-95.70561417397754,-91.4628932404847
0.666265452458115,0.5305821763478445,0.7284107195448489,-0.12282411171957498,1.5004515698181013,-95.67243791178822,-91.3704559918621
0.6849696716357446,0.5272527655591025,0.7261217291605468,-0.1219385074268346,1.47982363094761,-95.63964809071872,-91.27766070131513
0.7041989785449289,0.5238658160758137,0.7237857528825873,-0.12102695446230945,1.4594792812782662,-95.60726748189181,-91.18452744503986
0.7239681140910876,0.5204215228255195,0.7214024693785844,-0.12008950213127395,1.4394146220766324,-95.57531893318398,-91.0910767772799
0.7442922330043759,0.5169201457574834,0.7189715889779535,-0.11912627012646106,1.41962580820836,-95.54382533694978,-90.99732971635096
0.7651869154570825,0.513362010649714,0.7164928545698931,-0.11813744565508205,1.4001090474013156,-95.51280959666869,-90.90330772946808
0.7866681790071581,0.5097475098051522,0.7139660424734163,-0.11712328066012252,1.3808605995188448,-95.48229459258914,-90.80903271638607
0.8087524908770457,0.5060771026299205,0.7113909632754133,-0.11608408911960481,1.3618767758430175,-95.45230314645174,-90.71452699186888
0.8314567805772064,0.5023513160869245,0.7087674626327908,-0.11502024440890501,1.343153938367739,-95.42285798537976,-90.61981326700786
0.8547984528840413,0.49857074501847665,0.7060954220347818,-0.11393217671326959,1.3246884991015664,-95.39398170503218,-90.52491462941371
0.878795401182132,0.4947360523320948,0.7033747595216185,-0.1128203704786489,1.3064769193801216,-95.36569673211947,-90.4298545223117
0.9034660211810535,0.4908479690441056,0.7006054303558499,-0.11168536189088435,1.288515709187947,-95.33802528638967,-90.33465672257424
0.9288292250172498,0.48690729417624173,0.6977874276427183,-0.11052773637452654,1.2708014264896936,-95.31098934219597,-90.23934531772979
0.9549044557518078,0.4829148945009807,0.6949207828961375,-0.10934812610373947,1.2533306765704944,-95.28461058976332,-90.1439446819916
0.9817117022752193,0.4788717041320147,0.6920055665469858,-0.10814720751923294,1.2361001113854133,-95.25891039627527,-90.04847945135431
1.0092715146305717,0.4747787239568806,0.6890418883905974,-0.10692569884631563,1.2191064289178366,-95.23390976690614,-89.95297449781094
1.0376050197669118,0.47063702090945325,0.6860298979705282,-0.1056843576101998,1.2023463725466814,-95.20962930592721,-89.85745490274678
1.066733937734857,0.46644772708074417,0.6829697848958943,-0.10442397814585605,1.1858167304223068,-95.18608917801808,-89.76194592957107
1.0966805983368675,0.4622120386671512,0.6798617790898024,-0.10314538910079185,1.1695143348510042,-95.16330906991621,-89.66647299565102
1.1274679582449472,0.45793121475608173,0.6767061509666376,-0.1018494509299476,1.1534360616879489,-95.14130815253921,-89.57106164361643
1.1591196185988857,0.4536065759496227,0.6735032115362352,-0.10053705338298681,1.137578829738501,-95.1201050437147,-89.47573751210636
1.1916598430985588,0.44923950282771696,0.6702533124332299,-0.09920911298480131,1.1219396001677293,-95.09971777165259,-89.38052630603231
1.2251135766041177,0.444831434253087,0.666956845870171,-0.09786657051120218,1.10651537591806,-95.08016373929354,-89.2854537664356
1.2595064642583589,0.44038386552091574,0.6636142445132682,-0.09651038846213963,1.0913032011349282,-95.06145968966574,-89.19054564001804
1.294864871145905,0.43589834635708324,0.6602259812799578,-0.09514154853563025,1.0763001606003302,-95.04362167237936,-89.0958276484281
1.3312159025043078,0.43137647876949764,0.656792569057764,-0.09376104910607203,1.0615033791741528,-95.02666501138526,-89.00132545738538
1.3685874245025178,0.42681991475782427,0.653314560344268,-0.09236990271106815,1.0469100212431945,-95.01060427412003,-88.90706464572835
1.4070080856026865,0.4222303538876183,0.6497925468083012,-0.09096913355150012,1.0325172901777537,-94.99545324215468,-88.81307067447038
1.4465073385216471,0.4176095407355667,0.6462271587728008,-0.08955977500976776,1.0183224277956953,-94.98122488345938,-88.71936885595007
1.4871154628089538,0.4129592622131973,0.6426190646200883,-0.08814286719151321,1.004322713833874,-94.96793132638956,-88.62598432316136
1.5288635880587296,0.4082813447770379,0.6389689701206451,-0.08671945449641193,0.9905154654268347,-94.95558383549287,-88.5329419993491
1.571783717773161,0.4035776515337778,0.6352776176867699,-0.08529058322368295,0.9768980365926755,-94.94419278922793,-88.44026656795435
1.6159087538959191,0.3988500792495143,0.6315457855528088,-0.08385729921815141,0.9634678177259776,-94.93376765967902,-88.34798244299247
1.661272522034293,0.3941005552726515,0.6277742868839497,-0.08242064556277373,0.9502222350977119,-94.92431699434154,-88.25611373994609
1.7079097973894268,0.38933103438041966,0.623963968815844,-0.08098166032341,0.9371587503620112,-94.91584840004408,-88.16468424725161
1.755856331414467,0.3845434955593795,0.6201157114276169,-0.07954137435167848,0.924274860069733,-94.90836852906459,-88.07371739845703
1.8051488792211101,0.3797399387305504,0.6162304266510624,-0.07810080915148135,0.9115680951887029,-94.90188306748705,-87.98323624512479
1.855825227755519,0.37492238143006157,0.6123090571190839,-0.07666097481475471,0.8990360206305604,-94.89639672583667,-87.89326343055059
1.907924224765265,0.3700928554563922,0.6083525749566547,-0.0752228680315814,0.8866762347841005,-94.89191323202031,-87.80382116436613
1.9614858085794293,0.36525340349539526,0.604361980517798,-0.07378747017972767,0.8744863690550382,-94.88843532658954,-87.71493119808895
2.0165510387247485,0.3604060757343294,0.6003383010722616,-0.07235574549820951,0.8624640874120972,-94.88596476033294,-87.62661480167925
2.0731621274012313,0.3555529264761247,0.5962825894457465,-0.07092863934921902,0.8506070859393425,-94.88450229419459,-87.53889274115895
2.1313624718414377,0.3506960107650116,0.5921959226176854,-0.06950707657228318,0.838913092394659,-94.88404770150525,-87.45178525734364
2.1911966875781475,0.34583738103452344,0.5880794002807134,-0.06809195993424601,0.8273798657743096,-94.88459977250284,-87.36531204573367
2.2527106426459826,0.34097908378864705,0.5839341433660538,-0.06668416867806612,0.8160051958834729,-94.88615632110977,-87.27949223760515
2.3159514927431544,0.3361231563266756,0.5797612925391584,-0.06528455717311406,0.8047869029126924,-94.88871419392416,-87.19434438233739
2.3809677173803583,0.33127162352195083,0.5755620066699598,-0.06389395366911119,0.7937228370201376,-94.89226928137452,-87.10988643100767
2.44780915704444,0.3264264946643674,0.5713374612821808,-0.06251315915530536,0.7828108779196191,-94.89681653097735,-87.02613572127918
2.5165270514053892,0.32158976037604614,0.5670888469861193,-0.061142946326262375,0.772048934474261,-94.90234996263027,-86.9431089636031
2.587174078595924,0.31676338960914385,0.5628173678993426,-0.059784058654794164,0.7614349442957613,-94.90886268586509,-86.8608222287503
2.6598043955937585,0.3119493267342653,0.5585242400596999,-0.05843720957233013,0.7509668733491646,-94.91634691897809,-86.77929093668327
2.73447367973758,0.3071494887273837,0.5542106898349974,-0.057103081756548574,0.74064271556306,-94.92479400994888,-86.69852984677341
2.8112391714084612,0.3023657624626229,0.5498779523336274,-0.05578232652547593,0.7304604924451482,-94.93419445905296,-86.61855304936496
2.8901597179095115,0.2976000021176439,0.545527269820349,-0.0544755633369256,0.7204182527030851,-94.944537943068,-86.53937395868037
2.971295818577334,0.2928540266977628,0.5411598901413175,-0.053183379391766705,0.7105140718705466,-94.95581334096947,-86.46100530705884
3.054709671159968,0.2881296176842724,0.5367770651623189,-0.051906329338882264,0.7007460519384231,-94.96800876100747,-86.38345914051457
3.140465219496749,0.28342851681183023,0.5323800492240766,-0.05064493507964966,0.6911123209910951,-94.98111156905279,-86.30674681559618
3.2286282025367337,0.27875242397903727,0.5279700976182622,-0.04939968566907787,0.681611032847702,-94.99510841809922,-86.23087899752716
3.31926620473319,0.2741029952957725,0.523548465087782,-0.04817103731044438,0.6722403667083483,-95.00998527880527,-86.15586565959983
3.4124487078528896,0.26948184127009356,0.5191164043546433,-0.046959413440294015,0.6629985268051669,-95.0257274709591,-86.08171608379496
3.508247144239789,0.2648905251369181,0.5146751646785748,-0.04576520489997876,0.6538837420581854,-95.04231969574887,-86.00843886259378
3.6067349515740315,0.26033056133002347,0.5102259904493532,-0.04458877018990708,0.6448942657359206,-95.0597460687215,-85.93604190194705
3.7079876291681724,0.2558034140982893,0.5057701198156028,-0.04343043580237027,0.6360283751206418,-95.07799015331273,-85.86453242536246
3.812082795843888,0.2513104962664792,0.5013087833526152,-0.042290496628699756,0.6272843711782309,-95.09703499483358,-85.79391697906948
3.919100249433402,0.24685316814027314,0.4968432027715315,-0.04116921643629806,0.6186605782325862,-95.11686315479947,-85.72420143821869
4.0291220279513515,0.24243273655468672,0.4923745896720166,-0.040066828410984925,0.6101553436445001,-95.1374567454906,-85.65539101406961
4.142232472483898,0.2380504540644717,0.4879041443403322,-0.038983535760053416,0.6017670374949534,-95.15879746463563,-85.58749026212105
4.258518291843415,0.23370751827457187,0.48343305459450314,-0.0379195123712863,0.5934940522727599,-95.1808666301129,-85.52050309113494
4.378068629038166,0.22940507130823146,0.47896249467806085,-0.036874903523260685,0.5853348025665088,-95.20364521456817,-85.45443277300441
4.500975129608042,0.22514419940989208,0.47449362420362623,-0.03584982664216869,0.577287724760741,-95.22711387985073,-85.38928195341587
4.627332011878694,0.22092593267959823,0.470027587147391,-0.034844372100474794,0.5693512767363014,-95.251253011175,-85.32505266325376
4.7572361391878895,0.21675124493524792,0.46556551089534964,-0.03385860405274415,0.5615239375748141,-95.27604275091853,-85.26174633069698
4.89078709413959,0.21262105369866852,0.4611085053419298,-0.03289256130404282,0.5538042072672144,-95.30146303197267,-85.19936379395506
5.028087254942475,0.20853622030119467,0.4566576620414845,-0.03194625820644837,0.546190606426293,-95.3274936105666,-85.13790531459286
5.169241873891604,0.20449755010413356,0.45221405341290927,-0.031019685579252897,0.5386816760031908,-95.35411409849114,-85.07737059139254
5.314359158053241,0.20050579282927106,0.44777873199748003,-0.030112811648625323,0.5312759770077915,-95.38130399465332,-85.01775877470206
5.463550352214876,0.19656164299435294,0.44335272976982215,-0.029225583002610366,0.523972090232955,-95.40904271589878,-84.95906848122006
5.616929824163804,0.1926657404483137,0.43893705750177175,-0.028357925557518208,0.5167686159825472,-95.43730962704359,-84.90129780916811
5.774615152359826,0.1888186710008741,0.4345327041787236,-0.027509745531913862,0.5096641738032044,-95.46608407006302,-84.84444435380185
5.9367272160691265,0.18502096714102884,0.4301406364679218,-0.02668093042460468,0.5026574022197895,-95.49534539239002,-84.78850522321413
6.1033902880286215,0.1812731088388611,0.4257617982380067,-0.025871349993204094,0.4957469584744799,-95.52507297428119,-84.733477054384
6.274732129711574,0.17757552442508376,0.4213971101290133,-0.02508085723004111,0.48893151826944686,-95.55524625521348,-84.6793560294274
6.450884089267699,0.1739285915426796,0.4170474691718913,-0.024309289332394308,0.48220977551307,-95.58584475927987,-84.62613789200624
6.631981202212676,0.17033263816502886,0.4127137484565166,-0.023556468664216755,0.4755804420696436,-95.6168481195571,-84.57381796385441
6.818162294944479,0.16678794367493557,0.40839679684705604,-0.02282220370672722,0.46904224751251916,-95.64823610142388,-84.52239116138117
7.009570091165617,0.16329473999903643,0.40409743874347487,-0.02210628999544337,0.4625939388806459,-95.67998862481149,-84.47185201231314
7.206351321293045,0.15985321279213982,0.3998164738878825,-0.02140851104144098,0.4562342804384568,-95.71208578537473,-84.42219467233927
7.408656834939568,0.15646350266614845,0.3955546772143498,-0.02072863923480663,0.4499620534390553,-95.7445078745742,-84.37341294172327
7.616641716552892,0.1531257064583369,0.39131279874077324,-0.02006643672846689,0.44377605589065955,-95.77723539866537,-84.32550028185119
7.830465404301183,0.14983987853388106,0.38709156350130014,-0.019421656300758903,0.4376751023262538,-95.81024909659403,-84.27844983168285
8.050291812295972,0.14660603211769166,0.38289167151779585,-0.01879404219528702,0.4316580235764103,-95.84352995680105,-84.23225442407795
8.276289456246351,0.14342414065075992,0.3787137978087938,-0.018183330936807417,0.4257236665452326,-95.8770592329426,-84.18690660196931
8.508631582640582,0.14029413916639413,0.37455859243434014,-0.01758925212204847,0.4198708939893807,-95.910818458536,-84.14239863435768
8.747496301554415,0.13721592568190613,0.3704266805751256,-0.01701152918453619,0.41409858430013086,-95.9447894605432,-84.09872253210415
8.993066723187614,0.13418936260149866,0.3663186626442866,-0.016449880132667412,0.4084056312884349,-95.97895437190766,-84.05587006349835
9.24553109823358,0.13121427812629427,0.3622351144302472,-0.015904018260415397,0.40279094397293297,-96.0132956430622,-84.01383276958153
9.505082962189512,0.12829046766764882,0.35817658726897383,-0.01537365283020099,0.3972534463708823,-96.0477960524279,-83.97260197920642
9.771921283717997,0.12541769526009325,0.3541436082440191,-0.014858489727596388,0.39179207729195636,-96.0824387159267,-83.93216882381644
10.046250617173403,0.12259569497045496,0.3501366804127425,-0.014358232087663014,0.3864057901348835,-96.11720709553101,-83.89252425192902
10.328281259410296,0.1198241722999154,0.34615628305711194,-0.013872580892828662,0.38109355268687783,-96.1520850068767,-83.85365904330884
10.618229410993846,0.11710280557596518,0.3422028719575059,-0.013401235542341957,0.3758543469258308,-96.18705662596615,-83.8155638228193
10.916317341936148,0.11443124733142317,0.3382768796879609,-0.012943894393418157,0.37068716882521796,-96.22210649499003,-83.77822907394042
11.222773562085072,0.11180912566789347,0.33437871593134255,-0.012500255274313726,0.36559102816169164,-96.25721952729704,-83.74164515194434
11.537832996296597,0.10923604560122685,0.3305087678129384,-0.0120700159696248,0.36056494832531716,-96.29238101154208,-83.7058022967199
11.861737164524792,0.10671159038675672,0.3266674002510148,-0.011652874678201993,0.35560796613241735,-96.32757661504378,-83.6706906452393
12.194734366967383,0.10423532282226838,0.3228549563229104,-0.011248530444141334,0.3507191316409927,-96.36279238638319,-83.63630024366162
12.537079874409196,0.10180678652684594,0.3190717576452763,-0.01085668356135991,0.34589750796867447,-96.39801475727526,-83.60262105906796
12.889036123908916,0.09942550719393091,0.31531810476712385,-0.010477035952344546,0.34114217111318507,-96.43323054374582,-83.56964299082534
13.250872919979539,0.09709099381709232,0.31159427757436803,-0.010109291521691204,0.3364522097752641,-96.46842694664599,-83.53735588157677
13.622867641416468,0.09480273988718727,0.30790053570461234,-0.009753156485101853,0.3318267251840306,-96.5035915515368,-83.5057495278559
14.005305453932197,0.09256022455974691,0.3042371189709548,-0.009408339674544167,0.3272648309247437,-96.53871232797596,-83.47481369032602
14.398479528760065,0.09036291379158617,0.3006042477936501,-0.009074552820311126,0.3227656527689332,-96.57377762823906,-83.44453810364357
14.802691267395101,0.08821026144577919,0.2970021236385006,-0.008751510810734086,0.31832832850686504,-96.60877618550677,-83.41491248594758
15.21825053264387,0.0861017103642896,0.29343092946090327,-0.008438931930332934,0.3139520077823107,-96.64369711154956,-83.38592654797655
15.645475886160957,0.08403669340767565,0.2898908301545181,-0.00813653807719652,0.3096358519295853,-96.67852989394046,-83.35757000181589
16.08469483265355,0.08201463446142332,0.28638197300358015,-0.007844054960398444,0.3053790338128299,-96.71326439282653,-83.32983256927885
16.536244070941823,0.08003494940857675,0.28290448813791685,-0.007561212278260757,0.3011807376675003,-96.74789083728842,-83.302703989925
17.00046975206718,0.07809704706845194,0.2794584889897817,-0.007287743878280497,0.297040158944038,-96.782399821317,-83.27617402872065
17.47772774464681,0.07620033010132304,0.2760440727516587,-0.00702338789953135,0.29295650415368624,-96.81678229943557,-83.25023248334593
17.968383907677193,0.07434419587907479,0.27266132083424444,-0.006767886898353233,0.2889289907164298,-96.85102958199485,-83.22486919115445
18.47281437099636,0.07252803732190104,0.2693102993238488,-0.006520987958131029,0.2849568468110227,-96.88513333016746,-83.20007403579083
18.991405823619356,0.07075124370122131,0.26599105943851065,-0.006282442783959417,0.28103931122707965,-96.91908555066784,-83.17583695347236
19.52455581016861,0.06901320140905912,0.26270363798215496,-0.006052007782973544,0.2771756332191984,-96.95287859022255,-83.1521479389417
20.072673035625684,0.06731329469420715,0.2594480577961746,-0.005829444131116444,0.2733650723630901,-96.98650512981476,-83.12899705109707
20.636177678638564,0.06565090636556299,0.25622432820784796,-0.005614517827096479,0.26960689841368585,-97.01995817872654,-83.10637441830704
21.215501713624523,0.06402541846308457,0.2530324454750508,-0.005406999734271064,0.2659003911651948,-97.05323106840076,-83.08427024341738
21.811089241915198,0.06243621289686791,0.24987239322675867,-0.005206665611175113,0.26224484031308687,-97.08631744614432,-83.06267480845744
22.42339683219845,0.060882672054896864,0.24674414289886773,-0.005013296131392076,0.25863954531797034,-97.11921126869277,-83.04157847905367
23.05289387051706,0.05936417938006372,0.24364765416491027,-0.004826676893446528,0.25508381527134355,-97.15190679565609,-83.02097170855819
23.700062920093302,0.05788011991709244,0.24058287536126183,-0.004646598421374697,0.2515769687631906,-97.18439858286415,-83.00084504190023
24.36540009125466,0.05642988083003539,0.23754974390648242,-0.004472856156606626,0.24811833375139902,-97.2166814756294,-82.98118911916855
25.049415421745024,0.05501285189104033,0.23454818671445818,-0.004305250441774598,0.24470724743297,-97.24875060194364,-82.96199467893281
25.752633267711985,0.053628425941113576,0.2315781206010481,-0.004143586497034994,0.24134305611700152,-97.28060136562483,-82.94325256131216
26.475592705670692,0.05227599932362274,0.2286394526839643,-0.003987674389471461,0.2380251150994165,-97.31222943942888,-82.92495371079909
27.218847945751797,0.05095497229130367,0.225732080775648,-0.003837328996122966,0.23475278853941461,-97.34363075814053,-82.90708917884649
27.98296875655116,0.049664749387546135,0.22285589376892445,-0.0036923699611562588,0.23152544933761995,-97.37480151165686,-82.88965012622648
28.768540901905915,0.04840473980274823,0.22001077201525435,-0.003552621647682001,0.22834247901590654,-97.40573813807562,-82.87262782516859
29.576166589932566,0.04717435770653245,0.2171965876954158,-0.0034179130846871135,0.2252032675988744,-97.43643731680048,-82.85601366128562
30.406464934670684,0.045973022556624846,0.21441320518248136,-0.003288077909538148,0.22210721349695658,-97.46689596167381,-82.8397991352951
31.260072430687035,0.04480015938519662,0.21166048139696889,-0.003162954306483202,0.21905372339113086,-97.49711121414751,-82.82397586454408
32.13764344100276,0.04365519906347229,0.20893826615407787,-0.0030423849415631503,0.2160422121192186,-97.52708043650095,-82.80853558434534
33.039850698718546,0.04253757854540049,0.2062464025029297,-0.002926216894318463,0.21307210256374587,-97.55680120511533,-82.79347014913212
33.96738582272209,0.04144674109118205,0.20358472705775857,-0.002814301586656828,0.21014282554134583,-97.58627130381218,-82.77877153343978
34.920959847872716,0.04038213647144289,0.20095307032101523,-0.0027064947092296002,0.20725381969368317,-97.6154887172634,-82.76443183272107
35.90130377007068,0.03934322115282857,0.19835125699835776,-0.0026026561456416954,0.20440453137987558,-97.64445162448017,-82.75044326400274
36.90916910662774,0.03832945846579104,0.1957791063055275,-0.0025026498948032723,0.2015944145703963,-97.67315839238628,-82.73679816639056
37.945328472369425,0.03734031875532344,0.19323643226711532,-0.0024063439917109916,0.19882293074243446,-97.7016075694822,-82.72348900142981
39.01057617190993,0.03637527951538848,0.1907230440072423,-0.002313610426930112,0.19608954877669468,-97.72979787960445,-82.71050835332821
40.10572880855496,0.035433825507770064,0.18823874603218665,-0.0022243250650304984,0.1933937448556137,-97.75772821578516,-82.69784892904765
41.23162591029748,0.03451544886606588,0.18578333850500664,-0.0021383675622138896,0.1907350023629783,-97.78539763421604,-82.68550355827195
42.38913057338783,0.033619649185520524,0.1833566175122145,-0.0020556212833526526,0.18811281178492203,-97.81280534831986,-82.67346519325636
43.5791301239703,0.03274593359938427,0.18095837532257045,-0.0019759732186460806,0.1855266706122843,-97.83995072293324,-82.66172690856564
44.802536798294895,0.03189381684246418,0.17858840063807105,-0.0018993139000842293,0.1829760832443096,-97.86683326860302,-82.65028190070632
46.06028844202398,0.03106282130251897,0.17624647883722094,-0.0018255373178973462,0.18046056089367285,-97.89345263599878,-82.63912348765939
47.35334922917121,0.030252477060128836,0.1739323922106772,-0.0017545408371528587,0.17797962149280921,-97.91980861044351,-82.62824510831899
48.68271040122284,0.029462321917655618,0.1716459201893701,-0.0016862251146511267,0.17553278960153273,-97.94590110656365,-82.61764032184269
50.049391027009534,0.028691901417887838,0.16938683956520306,-0.0016204940162586417,0.17311959631592333,-97.97173016306047,-82.60730280691877
51.45443878390925,0.0279407688529494,0.16715492470444715,-0.0015572545348044723,0.17073957917846797,-97.99729593760296,-82.59722636095576
52.89893076098146,0.02720848526402979,0.16494994775394684,-0.001496416708656643,0.1683922820894365,-98.0225987018434,-82.58740489919913
54.38397428464801,0.026494619432476094,0.162771678840258,-0.0014378935410835091,0.1660772552194758,-98.04763883655598,-82.57783245378027
55.91070776755293,0.02579874786276846,0.16061988626184637,-0.0013816009204953568,0.16379405492340657,-98.07241682689805,-82.5685031727022
57.48030158125351,0.02512045475788133,0.15849433667447343,-0.0013274575416529581,0.1615422436552032,-98.09693325779469,-82.55941131876664
59.09395895340965,0.024459331987515587,0.15639479526990527,-0.0012753848279199351,0.15932138988414452,-98.12118880944561,-82.55055126844698
60.75291689016077,0.02381497904966737,0.15432102594807803,-0.0012253068546285656,0.15713106801211607,-98.14518425295405,-82.54191751071104
62.45844712439618,0.02318700302598197,0.15227279148285805,-0.0011771502736200202,0.1549708582920504,-98.168920446077,-82.53350464579789
64.21185709064758,0.02257501853132268,0.150249853681535,-0.001130844239012913,0.1528403467474869,-98.19239832909575,-82.52530738395255
66.01449092734883,0.021978647657968205,0.14825197353819006,-0.0010863203342480919,0.15073912509323917,-98.21561892080571,-82.51732054412231
67.86773050723302,0.021397519914833674,0.14627891138107937,-0.0010435125004493162,0.1486667906571522,-98.23858331462421,-82.50953905261811
69.77299649665538,0.020831272162094513,0.14433042701417645,-0.001002356966135394,0.14662294630293585,-98.26129267481495,-82.50195794174464
71.73174944465613,0.020279548541574745,0.14240627985301332,-0.0009627921783124639,0.14460720035405802,-98.2837482328279,-82.4945723484022
73.74549090259546,0.01974200040324683,0.14050622905496693,-0.0009247587349704037,0.14261916651868542,-98.30595128375236,-82.48737751266347
75.81576457522118,0.019218286228172538,0.1386300336441297,-0.0008881993190024858,0.1406584638156554,-98.32790318288231,-82.4803687763284
77.94415750404951,0.01870807154820059,0.13677745263090912,-0.0008530586335626788,0.13872471650146637,-98.34960534239174,-82.47354158145971
80.13230128396887,0.018211028862720382,0.13494824512649425,-0.0008192833388709003,0.1368175539982705,-98.37105922811823,-82.46689146890189
82.38187331399601,0.01772683755275816,0.13314217045233326,-0.0007868219904730017,0.134936610822858,-98.39226635645296,-82.46041407678635
84.69459808314593,0.017255183792686504,0.1313589882447581,-0.0007556249789579998,0.13308152651661626,-98.41322829133507,-82.45410513902502
87.07224849239921,0.016795760459805374,0.12959845855489707,-0.0007256444711324195,0.1312519455764536,-98.43394664134834,-82.44796048379465
89.51664721378302,0.01634826704203869,0.12786034194400817,-0.0006968343526485145,0.1294475173866705,-98.45442305691812,-82.44197603201432
92.0296680876041,0.015912409543978847,0.1261443995743721,-0.0006691501720798727,0.12766789615176938,-98.47465922760652,-82.43614779581785
94.6132375589076,0.015487900391498095,0.12445039329587551,-0.0006425490864361134,0.125912740830187,-98.4946568795035,-82.43047187702334
97.26933615426178,0.01507445833513437,0.12277808572841642,-0.0006169898081056285,0.12418171506893827,-98.51441777271187,-82.42494446560164
100.0,0.014671808352447586,0.12112724034026197,-0.000596265947054832,0.1224744871391589,-98.53394369892395,-82.41956183814537
