k_hMpc,T_stage3_dictionary,T_v183_clipped,P_suppression_stage3,P_suppression_v183
0.001,0.9999999389224881,1.0,0.9999998778449799,1.0
0.001020874102725307,0.9999999363459987,1.0,0.9999998726920014,1.0
0.0010421839336152005,0.9999999336608227,1.0,0.9999998673216499,1.0
0.0010639385881041484,0.9999999308623758,1.0,0.9999998617247564,1.0
0.0010861473514856524,0.9999999279458794,1.0,0.9999998558917641,1.0
0.001108819702875384,0.9999999249063536,1.0,0.9999998498127128,1.0
0.0011319653192570478,0.9999999217386086,1.0,0.9999998434772234,1.0
0.0011555940796127043,0.9999999184372359,1.0,0.9999998368744785,1.0
0.0011797160691392964,0.9999999149965983,1.0,0.9999998299932039,1.0
0.0012043415835532052,0.9999999114108209,1.0,0.9999998228216497,1.0
0.0012294811334846536,0.9999999076737816,1.0,0.9999998153475717,1.0
0.001255145448963839,0.9999999037790993,1.0,0.9999998075582078,1.0
0.0012813454840007116,0.9999998997201243,1.0,0.9999997994402586,1.0
0.0013080924212603505,0.9999998954899254,1.0,0.9999997909798617,1.0
0.0013353976768359346,0.9999998910812804,1.0,0.9999997821625727,1.0
0.001363272905121344,0.9999998864866615,1.0,0.9999997729733359,1.0
0.0013917300037854731,0.9999998816982234,1.0,0.9999997633964608,1.0
0.0014207811188503827,0.9999998767077903,1.0,0.9999997534155959,1.0
0.0014504386498754422,0.9999998715068413,1.0,0.9999997430136992,1.0
0.0014807152552496975,0.9999998660864959,1.0,0.9999997321730099,1.0
0.0015116238575947087,0.999999860437499,1.0,0.9999997208750174,1.0
0.0015431776492801652,0.9999998545502056,1.0,0.9999997091004323,1.0
0.001575390098054637,0.9999998484145628,1.0,0.9999996968291486,1.0
0.0016082749527938608,0.9999998420200952,1.0,0.9999996840402153,1.0
0.001641846249369018,0.9999998353558835,1.0,0.9999996707117942,1.0
0.0016761183166375067,0.9999998284105495,1.0,0.9999996568211283,1.0
0.0017111057825587646,0.9999998211722341,1.0,0.9999996423445001,1.0
0.001746823580437763,0.9999998136285784,1.0,0.9999996272571915,1.0
0.0017832869552988093,0.9999998057667018,1.0,0.9999996115334413,1.0
0.0018205114703924163,0.9999997975731806,1.0,0.9999995951464021,1.0
0.001858513013837987,0.9999997890340249,1.0,0.9999995780680943,1.0
0.001897307805405161,0.9999997801346542,1.0,0.9999995602693567,1.0
0.0019369124034367149,0.9999997708598732,1.0,0.999999541719799,1.0
0.001977343711915974,0.9999997611938461,1.0,0.9999995223877494,1.0
0.0020186189876817474,0.9999997511200686,1.0,0.9999995022401991,1.0
0.002060755847793871,0.9999997406213393,1.0,0.999999481242746,1.0
0.0021037722770524954,0.9999997296797334,1.0,0.9999994593595398,1.0
0.002147686635674342,0.9999997182765675,1.0,0.9999994365532144,1.0
0.0021925176671291767,0.9999997063923721,1.0,0.9999994127848304,1.0
0.0022382845061398814,0.9999996940068552,1.0,0.999999388013804,1.0
0.0022850066868495083,0.9999996810988693,1.0,0.9999993621978402,1.0
0.0023327041511588178,0.999999667646374,1.0,0.9999993352928586,1.0
0.002381397257237857,0.9999996536264009,1.0,0.9999993072529217,1.0
0.0024311067882152038,0.9999996390150109,1.0,0.9999992780301521,1.0
0.002481853961048599,0.9999996237872558,1.0,0.9999992475746532,1.0
0.0025336604355807374,0.999999607917135,1.0,0.9999992158344239,1.0
0.002586548323784095,0.9999995913775513,1.0,0.9999991827552697,1.0
0.002640540199198732,0.9999995741402637,1.0,0.9999991482807089,1.0
0.002695659106567109,0.9999995561758416,1.0,0.9999991123518801,1.0
0.0027519285716699994,0.9999995374536105,1.0,0.9999990749074349,1.0
0.002809372611367746,0.9999995179416035,1.0,0.9999990358834393,1.0
0.0028680157438511003,0.999999497606505,1.0,0.9999989952132623,1.0
0.0029278829991060454,0.9999994764135938,1.0,0.9999989528274617,1.0
0.0029889999295970647,0.9999994543266841,1.0,0.999998908653666,1.0
0.0030513926211734087,0.9999994313080642,1.0,0.9999988626164519,1.0
0.003115087704203026,0.9999994073184302,1.0,0.9999988146372116,1.0
0.003180112364938897,0.999999382316822,1.0,0.9999987646340255,1.0
0.0032464943571226504,0.99999935626055,1.0,0.9999987125215145,1.0
0.0033142620138303575,0.9999993291051251,1.0,0.9999986582107003,1.0
0.003383444259565635,0.9999993008041805,1.0,0.9999986016088499,1.0
0.003454070622605158,0.9999992713093947,1.0,0.9999985426193204,1.0
0.003526171247601883,0.9999992405704065,1.0,0.9999984811413897,1.0
0.003599776908451348,0.9999992085347306,1.0,0.9999984170700875,1.0
0.003674919021426549,0.9999991751476688,1.0,0.9999983502960179,1.0
0.0037516296585869907,0.9999991403522137,1.0,0.9999982807051664,1.0
0.003829941561467644,0.9999991040889552,1.0,0.9999982081787131,1.0
0.003909888155053642,0.9999990662959755,1.0,0.9999981325928228,1.0
0.003991503562046692,0.9999990269087452,1.0,0.9999980538184373,1.0
0.004074822617429279,0.9999989858600137,1.0,0.9999979717210559,1.0
0.004159880883332901,0.9999989430796922,1.0,0.9999978861605014,1.0
0.004246714664216633,0.9999988984947364,1.0,0.9999977969906862,1.0
0.004335361022362558,0.9999988520290208,1.0,0.9999977040593595,1.0
0.004425857793694646,0.999998803603208,1.0,0.9999976072078475,1.0
0.004518243603927828,0.999998753134614,1.0,0.9999975062707825,1.0
0.004612557885054178,0.9999987005370671,1.0,0.9999974010758228,1.0
0.004708840892173223,0.9999986457207609,1.0,0.9999972914433559,1.0
0.004807133720673568,0.9999985885921006,1.0,0.9999971771861932,1.0
0.004907478323773195,0.9999985290535425,1.0,0.9999970581092487,1.0
0.0050099175304258526,0.9999984670034294,1.0,0.999996934009209,1.0
0.005114495063601278,0.9999984023358153,1.0,0.9999968046741831,1.0
0.005221255558946966,0.9999983349402849,1.0,0.9999966698833422,1.0
0.005330244583839504,0.9999982647017661,1.0,0.9999965294065435,1.0
0.005441508656833581,0.9999981915003313,1.0,0.9999963830039333,1.0
0.005555095267516972,0.9999981152109957,1.0,0.9999962304255438,1.0
0.005671052896779987,0.9999980357035011,1.0,0.9999960714108607,1.0
0.005789431037508022,0.999997952842095,1.0,0.9999959056883809,1.0
0.005910280215706045,0.9999978664852988,1.0,0.9999957329751494,1.0
0.006033652012064041,0.9999977764856659,1.0,0.9999955529762758,1.0
0.0061595990839726205,0.9999976826895298,1.0,0.9999953653844296,1.0
0.006288175187998165,0.9999975849367417,1.0,0.999995169879316,1.0
0.006419435202827164,0.9999974830603984,1.0,0.9999949661271317,1.0
0.0065534351526894295,0.9999973768865554,1.0,0.9999947537799916,1.0
0.006690232231270306,0.9999972662339311,1.0,0.9999945324753358,1.0
0.006829884826122002,0.999997150913597,1.0,0.9999943018353112,1.0
0.006972452543584487,0.9999970307286556,1.0,0.9999940614661279,1.0
0.007117996234226597,0.9999969054739036,1.0,0.9999938109573834,1.0
0.007266578018818183,0.9999967749354819,1.0,0.9999935498813648,1.0
0.007418261314844451,0.9999966388905102,1.0,0.9999932777923174,1.0
0.007573110863573684,0.9999964971067069,1.0,0.9999929942256841,1.0
0.007731192757690059,0.9999963493419929,1.0,0.9999926986973131,1.0
0.007892574469503229,0.9999961953440766,1.0,0.9999923907026286,1.0
0.008057324879746775,0.9999960348500263,1.0,0.999992069715775,1.0
0.00822551430697778,0.9999958675858177,1.0,0.9999917351887123,1.0
0.008397214537590115,0.9999956932658683,1.0,0.9999913865502846,1.0
0.008572498856454211,0.9999955115925506,1.0,0.999991023205247,1.0
0.008751442078196413,0.9999953222556812,1.0,0.9999906445332437,1.0
0.008934120579131257,0.999995124931994,1.0,0.9999902498877544,1.0
0.009120612329860322,0.9999949192845873,1.0,0.9999898385949882,1.0
0.009310996928551526,0.9999947049623481,1.0,0.9999894099527337,1.0
0.009505355634913119,0.9999944815993538,1.0,0.9999889632291603,1.0
0.00970377140487687,0.9999942488142473,1.0,0.9999884976615706,1.0
0.009906328926005164,0.999994006209585,1.0,0.9999880124550955,1.0
0.010113114653637276,0.9999937533711604,1.0,0.9999875067813411,1.0
0.010324216847790106,0.9999934898672945,1.0,0.9999869797769709,1.0
0.01053972561082922,0.999993215248102,1.0,0.9999864305422369,1.0
0.010759732925926219,0.9999929290447199,1.0,0.9999858581394383,1.0
0.010984332696318863,0.9999926307685102,1.0,0.999985261591326,1.0
0.01121362078539077,0.9999923199102244,1.0,0.9999846398794326,1.0
0.011447695057587654,0.9999919959391339,1.0,0.9999839919423328,1.0
0.011686655420187726,0.9999916583021254,1.0,0.9999833166738348,1.0
0.01193060386594399,0.999991306422757,1.0,0.9999826129210924,1.0
0.012179644516616642,0.9999909397002714,1.0,0.9999818794826318,1.0
0.012433883667414217,0.9999905575085747,1.0,0.99998111510631,1.0
0.012693429832362338,0.9999901591951654,1.0,0.9999803184871723,1.0
0.012958393790619544,0.9999897440800203,1.0,0.9999794882652244,1.0
0.013228888633759915,0.9999893114544361,1.0,0.9999786230231174,1.0
0.013505029814042658,0.9999888605798184,1.0,0.9999777212837234,1.0
0.013786935193689316,0.999988390686421,1.0,0.9999767815076182,1.0
0.014074725095189535,0.9999879009720337,1.0,0.9999758020904539,1.0
0.014368522352656976,0.9999873906006116,1.0,0.9999747813602201,1.0
0.014668452364257206,0.99998685870085,1.0,0.9999737175743938,1.0
0.014974643145729974,0.9999863043646965,1.0,0.9999726089169634,1.0
0.015287225385028755,0.9999857266458019,1.0,0.9999714534953323,1.0
0.015606332498100764,0.9999851245579056,1.0,0.9999702493370899,1.0
0.015932100685831414,0.9999844970731522,1.0,0.9999689943866451,1.0
0.016264668992177392,0.9999838431203389,1.0,0.9999676865017226,1.0
0.016604179363513206,0.999983161583086,1.0,0.9999663234497043,1.0
0.016950776709216603,0.9999824512979342,1.0,0.9999649029038253,1.0
0.017304608963518528,0.9999817110523583,1.0,0.9999634224392022,1.0
0.017665827148644283,0.9999809395826988,1.0,0.9999618795286972,1.0
0.018034585439272596,0.9999801355720067,1.0,0.9999602715386089,1.0
0.018411041228340287,0.9999792976477968,1.0,0.999958595724181,1.0
0.018795355194220525,0.9999784243797057,1.0,0.9999568492249189,1.0
0.019187691369303313,0.9999775142770533,1.0,0.9999550290597143,1.0
0.019588217210007634,0.9999765657862986,1.0,0.9999531321217595,1.0
0.019997103668254957,0.9999755772883916,1.0,0.9999511551732521,1.0
0.020414525264434713,0.9999745470960103,1.0,0.9999490948398709,1.0
0.020840660161892895,0.9999734734506849,1.0,0.9999469476050276,1.0
0.02127569024297546,0.9999723545197973,1.0,0.9999447098038671,1.0
0.021719801186659136,0.9999711883934566,1.0,0.9999423776170218,1.0
0.022173182547802702,0.9999699730812429,1.0,0.9999399470641017,1.0
0.02263602783805252,0.999968706508813,1.0,0.9999374139969085,1.0
0.023108534608436922,0.9999673865143632,1.0,0.9999347740923659,1.0
0.02359090453368474,0.9999660108449445,1.0,0.9999320228451517,1.0
0.024083343498303787,0.9999645771526215,1.0,0.9999291555600213,1.0
0.02458606168445623,0.9999630829904698,1.0,0.9999261673438051,1.0
0.025099273661668302,0.9999615258084052,1.0,0.999923053097074,1.0
0.025623198478412542,0.9999599029488376,1.0,0.9999198075054487,1.0
0.026158059755601853,0.9999582116421415,1.0,0.9999164250305498,1.0
0.026704085782035,0.9999564490019358,1.0,0.9999128999005611,1.0
0.027261509611834607,0.9999546120201651,1.0,0.9999092261003989,1.0
0.027830569163918985,0.9999526975619761,1.0,0.9999053973614729,1.0
0.028411507323550373,0.9999507023603744,1.0,0.9999014071510061,1.0
0.02900457204600297,0.9999486230106602,1.0,0.9998972486609154,1.0
0.029610016462394802,0.9999464559646289,1.0,0.9998929147962217,1.0
0.03022809898772886,0.9999441975245268,1.0,0.9998883981629698,1.0
0.030859083431189458,0.999941843836754,1.0,0.9998836910556473,1.0
0.03150323910874091,0.9999393908853027,1.0,0.9998787854440702,1.0
0.03216084095807667,0.9999368344849187,1.0,0.9998736729597196,1.0
0.032832169655967816,0.9999341702739762,1.0,0.9998683448815053,1.0
0.033517511738061195,0.9999313937070542,1.0,0.9998627921209319,1.0
0.03421715972117816,0.999928500047197,1.0,0.9998570052066373,1.0
0.03493141222816625,0.9999254843578571,1.0,0.9998509742682952,1.0
0.03566057411535703,0.9999223414944914,1.0,0.9998446890198264,1.0
0.03640495660268442,0.9999190660958109,1.0,0.9998381387419187,1.0
0.03716487740651919,0.9999156525746601,1.0,0.9998313122638083,1.0
0.037940660875276304,0.9999120951085143,1.0,0.9998241979442986,1.0
0.03873263812785284,0.9999083876295778,1.0,0.999816783651982,1.0
0.03954114719495577,0.9999045238144689,1.0,0.9998090567446398,1.0
0.040366533163379764,0.999900497073468,1.0,0.9998010040477683,1.0
0.04120914832329666,0.9998963005393205,1.0,0.9997926118322192,1.0
0.04206935231861956,0.9998919270555655,1.0,0.9997838657908923,1.0
0.04294751230050553,0.9998873691643779,1.0,0.999774751014461,1.0
0.043844003084062666,0.9998826190939013,1.0,0.9997652519660797,1.0
0.04475920730832806,0.9998776687450495,1.0,0.9997553524550349,1.0
0.045693515599585406,0.9998725096777549,1.0,0.9997450356092921,1.0
0.04664732673809156,0.9998671330966438,1.0,0.9997342838469016,1.0
0.04762104782828342,0.999861529836111,1.0,0.9997230788462083,1.0
0.048615094472537757,0.9998556903447677,1.0,0.9997114015148121,1.0
0.04962989094855801,0.9998496046692442,1.0,0.999699231957244,1.0
0.05066587039046399,0.9998432624373121,1.0,0.9996865494412879,1.0
0.05172347497366162,0.9998366528403017,1.0,0.9996733323628979,1.0
0.05280315610357164,0.9998297646147865,1.0,0.9996595582096592,1.0
0.053905374608298015,0.9998225860235036,1.0,0.9996452035227262,1.0
0.055030600935317774,0.9998151048354745,1.0,0.9996302438571709,1.0
0.056179315352276965,0.9998073083053023,1.0,0.9996146537406938,1.0
0.05735200815197781,0.9997991831516017,1.0,0.99959840663061,1.0
0.05854917986164483,0.9997907155345318,1.0,0.9995814748690511,1.0
0.05977134145655924,0.9997818910323942,1.0,0.9995638296363102,1.0
0.061019014578152855,0.9997726946172564,1.0,0.9995454409022497,1.0
0.062292731756654215,0.9997631106295612,1.0,0.9995262773756963,1.0
0.0635930366383826,0.999753122751682,1.0,0.9995063064517399,1.0
0.0649204842177864,0.9997427139803774,1.0,0.9994854941568507,1.0
0.06627564107432511,0.9997318665981054,1.0,0.999463805091732,1.0
0.06765908561429614,0.9997205621431449,1.0,0.9994412023718056,1.0
0.06907140831770929,0.9997087813784797,1.0,0.999417647565245,1.0
0.07051321199031477,0.9996965042593945,1.0,0.9993931006284535,1.0
0.07198511202089194,0.9996837098997279,1.0,0.9993675198388833,1.0
0.07348773664390873,0.9996703765367322,1.0,0.999340861725092,1.0
0.07502172720766398,0.9996564814944782,1.0,0.99931308099392,1.0
0.0765877384480267,0.999642001145752,1.0,0.9992841304546836,1.0
0.07818643876788975,0.9996269108723792,1.0,0.9992539609402555,1.0
0.0798185105224566,0.9996111850239133,1.0,0.9992225212249123,1.0
0.0814846503104833,0.9995947968746253,1.0,0.9991897579388234,1.0
0.08318556927160004,0.999577718578723,1.0,0.9991556154790447,1.0
0.08492199338983855,0.9995599211237329,1.0,0.9991200359168831,1.0
0.08669466380349587,0.9995413742819683,1.0,0.9990829589014859,1.0
0.08850433712146599,0.9995220465600081,1.0,0.999044321559507,1.0
0.09035178574617461,0.9995019051461085,1.0,0.9990040583907004,1.0
0.09223779820325519,0.9994809158554678,1.0,0.9989621011592847,1.0
0.09416317947810605,0.9994590430732513,1.0,0.9989183787808992,1.0
0.09612875135947356,0.9994362496953009,1.0,0.9988728172050078,1.0
0.09813535279020669,0.9994124970664255,1.0,0.998825339292548,1.0
0.10018384022533364,0.9993877449161892,1.0,0.9987758646886661,1.0
0.10227508799761299,0.99936195129209,1.0,0.9987243096903338,1.0
0.10440998869071497,0.9993350724900365,1.0,0.9986705871086665,1.0
0.10658945352019308,0.9993070629820114,1.0,0.9986146061257338,1.0
0.10881441272240791,0.9992778753408168,1.0,0.998556272145657,1.0
0.1110858159515694,0.9992474601617884,1.0,0.998495486639785,1.0
0.113404632685067,0.9992157659813671,1.0,0.9984321469857301,1.0
0.11577185263726077,0.9991827391923985,1.0,0.9983661463000247,1.0
0.11818848618190993,0.9991483239560484,1.0,0.9982973732641806,1.0
0.12065556478341963,0.9991124621102009,1.0,0.9982257119439076,1.0
0.12317414143708864,0.9990750930742075,1.0,0.9981510416012364,1.0
0.1257452911185479,0.9990361537498532,1.0,0.9980732364993004,1.0
0.1283701112425801,0.9989955784183997,1.0,0.997992165699513,1.0
0.13104972213151678,0.9989532986335615,1.0,0.9979076928508736,1.0
0.133785267493413,0.9989092431102667,1.0,0.997819675971126,1.0
0.13657791491020316,0.9988633376090486,1.0,0.9977279672194881,1.0
0.13942885633604696,0.9988155048159141,1.0,0.9976324126606693,1.0
0.14233930860607766,0.998765664217526,1.0,0.9975328520198758,1.0
0.14531051395576994,0.9987137319715317,1.0,0.9974291184285045,1.0
0.14834374055114982,0.9986596207718725,1.0,0.9973210381602202,1.0
0.1514402830300708,0.9986032397088976,1.0,0.997208430357106,1.0
0.15460146305479003,0.998544494124102,1.0,0.9970911067455587,1.0
0.15782862987607846,0.9984832854593091,1.0,0.9969688713416162,1.0
0.16112316090910617,0.9984195111001113,1.0,0.9968415201453853,1.0
0.164486462321349,0.9983530642133762,1.0,0.9967088408242377,1.0
0.16791996963276715,0.998283833578624,1.0,0.996570612384434,1.0
0.17142514832851194,0.998211703413083,1.0,0.9964266048308487,1.0
0.17500349448442226,0.9981365531902118,1.0,0.9962765788144364,1.0
0.1786565354055776,0.9980582574514988,1.0,0.9961202852671223,1.0
0.18238583027818106,0.997976685611316,1.0,0.9959574650237475,1.0
0.18619297083504818,0.9978917017546297,1.0,0.9957878484307509,1.0
0.19007958203498906,0.9978031644273482,1.0,0.9956111549412296,1.0
0.19404732275637082,0.9977109264190996,1.0,0.9954270926960581,1.0
0.19809788650515808,0.9976148345382191,1.0,0.9952353580907183,1.0
0.20223300213773293,0.9975147293787349,1.0,0.9950356353275307,1.0
0.20645443459880317,0.9974104450791349,1.0,0.994827595952958,1.0
0.21076398567471374,0.997301809072702,1.0,0.9946108983796843,1.0
0.21516349476248284,0.997188641829204,1.0,0.9943851873931724,1.0
0.21965483965489094,0.9970707565877244,1.0,0.9941500936424171,1.0
0.2242399373419577,0.9969479590804343,1.0,0.9939052331146433,1.0
0.22892074482915012,0.9968200472470935,1.0,0.9936502065936977,1.0
0.23369925997266755,0.9966868109400905,1.0,0.9933845991019277,1.0
0.2385775223321652,0.9965480316198256,1.0,0.993107979325349,1.0
0.24355761404127602,0.9964034820402605,1.0,0.9928198990219558,1.0
0.24864166069630428,0.9962529259244556,1.0,0.9925198924130387,1.0
0.25383183226346984,0.9960961176299363,1.0,0.9922074755574319,1.0
0.25913034400509033,0.9959328018037422,1.0,0.9918821457086521,1.0
0.2645394574250967,0.995762713027023,1.0,0.9915433806549374,1.0
0.27006148123428514,0.9955855754490692,1.0,0.9911906380422543,1.0
0.2756987723357179,0.9954011024106771,1.0,0.9908233546803914,1.0
0.28145373683069463,0.9952089960567795,1.0,0.9904409458323429,1.0
0.28732883104572005,0.9950089469382896,1.0,0.9900428044872439,1.0
0.2933265625809107,0.9948006336031392,1.0,0.9896283006172072,1.0
0.2994494913802858,0.9945837221765218,1.0,0.9891967804185047,1.0
0.30570023082439884,0.9943578659303842,1.0,0.988747565537628,1.0
0.3120814488457773,0.9941227048422452,1.0,0.9882799522828617,1.0
0.3185958690676467,0.9938778651434765,1.0,0.9877932108221545,1.0
0.3252462719664232,0.9936229588572038,1.0,0.9872865843681444,1.0
0.33203549605847343,0.9933575833260562,1.0,0.9867592883513826,1.0
0.33896643911164587,0.9930813207300395,1.0,0.9862105095829197,1.0
0.3460420593820938,0.9927937375948674,1.0,0.9856394054075865,1.0
0.3532653768769124,0.9924943842911506,1.0,0.98504510284947,1.0
0.36063947464313534,0.9921827945249215,1.0,0.9844266977512827,1.0
0.36816750008363686,0.9918584848200389,1.0,0.9837832539095034,1.0
0.3758526663005021,0.9915209539931074,1.0,0.9831138022074017,1.0
0.38369825346643927,0.9911696826216287,1.0,0.9824173397482603,1.0
0.3917076102248186,0.9908041325062127,1.0,0.9816928289913887,1.0
0.3998841551189359,0.9904237461277543,1.0,0.9809391968937343,1.0
0.40823137805111115,0.9900279461006237,1.0,0.9801553340602195,1.0
0.4167528417722432,0.9896161346230073,1.0,0.9793400939061822,1.0
0.42545218340246055,0.9891876929256802,1.0,0.9784922918356298,1.0
0.4343331159835096,0.9887419807206207,1.0,0.9776107044393363,1.0
0.44339943006355204,0.988278335651016,1.0,0.9766940687171421,1.0
0.45265499531504116,0.9877960727443598,1.0,0.9757410813291805,1.0
0.4621037621863706,0.9872944838705066,1.0,0.9747503978811299,1.0
0.4717497635879997,0.9867728372067058,1.0,0.973720632248972,1.0
0.48159711661377486,0.9862303767118205,1.0,0.9726503559491393,1.0
0.4916500242981824,0.9856663216121174,1.0,0.9715380975603621,1.0
0.5019127774102823,0.9850798659012036,1.0,0.9703823422039332,1.0
0.5123897562850885,0.9844701778568902,1.0,0.9691815310895769,1.0
0.523085432693178,0.983836399577963,1.0,0.9679340611345293,1.0
0.5340043717493269,0.9831776465440564,1.0,0.9666382846639094,1.0
0.5451512338609853,0.9824930072020481,1.0,0.9652925092009238,1.0
0.5565307767174273,0.98178154258261,1.0,0.9638949973558892,1.0
0.5681478573204217,0.9810422859507812,1.0,0.9624439668235344,1.0
0.5800074340572913,0.9802742424946677,1.0,0.9609375904984945,1.0
0.5921145688172448,0.9794763890565843,1.0,0.9593739967193253,1.0
0.6044744291518868,0.9786476739112174,1.0,0.9577512696518365,1.0
0.6170922904808245,0.9777870165955833,1.0,0.9560674498228915,1.0
0.6299735383433162,0.9768933077958124,1.0,0.9543205348162439,1.0
0.6431236706969189,0.9759654092959837,1.0,0.9525084801422771,1.0
0.6565483002641228,0.975002153994468,1.0,0.9506292002938522,1.0
0.6702531569279617,0.9740023459934126,1.0,0.9486805700006715,1.0
0.6842440901776373,0.9729647607672034,1.0,0.9466604256947814,1.0
0.6985270716051895,0.9718881454158907,1.0,0.9445665671999396,1.0
0.713108197454284,0.9707712190097169,1.0,0.9423967596576116,1.0
0.7279936912222031,0.9696126730309933,1.0,0.940148735702308,1.0
0.7431899063161507,0.9684111719196616,1.0,0.9378201978988124,1.0
0.7587033287650052,0.9671653537289303,1.0,0.9354088214536069,1.0
0.7745405799876782,0.965873830897377,1.0,0.9329122572123748,1.0
0.790708419619259,0.9645351911438863,1.0,0.9303281349549732,1.0
0.8072137483961564,0.9631479984917016,1.0,0.9276540669985709,1.0
0.8240636111014579,0.9617107944277388,1.0,0.9248876521188324,1.0
0.841265199571777,0.9602220992031033,1.0,0.9220264797980143,1.0
0.8588258557668641,0.9586804132805065,1.0,0.9190681348076827,1.0
0.8767530749032912,0.9570842189339298,1.0,0.9160102021323705,1.0
0.8950545086535512,0.9554319820054947,1.0,0.912850272238948,1.0
0.9137379684119344,0.9537221538240018,1.0,0.9095859466946931,1.0
0.9328114286285785,0.9519531732890503,1.0,0.9062148441350926,1.0
0.9522830302131117,0.9501234691239805,1.0,0.9027346065801876,1.0
0.9721610840093456,0.9482314623001624,1.0,0.8991429060959043,1.0
0.9924540743425024,0.9462755686343025,1.0,0.8954374517941726,1.0
1.0131706626404773,0.9442542015595389,1.0,0.8916159971628422,1.0
1.0343196911307018,0.9421657750700643,1.0,0.8876763477133749,1.0
1.0559101866141718,0.9400087068379267,1.0,0.8836163689311112,1.0
1.077951364318254,0.9377814214994609,1.0,0.8794339945095495,1.0
1.100452631829918,0.9354823541075298,1.0,0.8751272348465657,1.0
1.1234235931110699,0.9331099537444043,1.0,0.8706941857768844,1.0
1.1468740525977037,0.9306626872886943,1.0,0.8661330375114139,1.0
1.1708140193846173,0.9281390433282478,1.0,0.8614420837502751,1.0
1.195253711497481,0.9255375362094183,1.0,0.8566197309326002,1.0
1.2202035602540826,0.922856710211515,1.0,0.8516645075824203,1.0
1.2456742147166115,0.920095143833673,1.0,0.8465750737063074,1.0
1.271676546236872,0.9172514541797598,1.0,0.8413502301948841,1.0
1.298221653096384,0.9143243014253699,1.0,0.8359889281769907,1.0
1.3253208652433357,0.9113123933493755,1.0,0.8304902782721669,1.0
1.3529857491284176,0.9082144899110144,1.0,0.8248535596843241,1.0
1.3812281126416004,0.9050294078520414,1.0,0.8190782290770168,1.0
1.410060010151963,0.9017560253021459,1.0,0.8131639291687245,1.0
1.4394937476527223,0.8983932863646004,1.0,0.8071104969849868,1.0
1.4695418880136621,0.8949402056580289,1.0,0.8009179717032351,1.0
1.5002172563431992,0.8913958727892615,0.9999275890847039,0.7945866020257292,0.9998551834127485
1.5315329454623854,0.887759456731502,0.989651888544847,0.7881168530162116,0.9794108605003823
1.563502321493159,0.884030210081508,0.9794817856729988,0.7815094123367551,0.9593845684651664
1.596139029563263,0.880207473169167,0.9694161953005669,0.7747651958228499,0.9397677597110269
1.6294569996302382,0.8762906779927855,0.9594540434106341,0.7678853523370557,0.920552061417015
1.66347045242699,0.8722793519535885,0.9495942670233587,0.7608712678445724,0.9017292719636298
1.6981939055314639,0.8681731213633727,0.9398358140825525,0.7537245686578213,0.8832913574322141
1.7336421795630177,0.8639717146999693,0.9301776433434242,0.746447123801605,0.8652304481759265
1.769830404508141,0.859674965586161,0.9206187242614775,0.739041046455567,0.8475388354608303
1.8067740261782155,0.8552828154689637,0.9111580368825489,0.7315086944365173,0.8302089681756604
1.844488812802074,0.8507953159777006,0.9017945717339787,0.7238526696895955,0.81323344960887
1.8829908617561837,0.8462126309410869,0.8925273297168952,0.7160758167642362,0.7966050342915714
1.9222966064352964,0.8415350380455752,0.8833553219996123,0.7081812202583676,0.7803166249050387
1.9624228232665357,0.8367629301194551,0.8742775699121179,0.7001722012220961,0.7643612692514382
2.003386638869888,0.8318968160296644,0.865293104841648,0.6920523125202932,0.7487321572864992
2.0452055373681652,0.8269373211808994,0.856400968129334,0.6838253331618419,0.7334226182128605
2.087897367849555,0.8218851876093923,0.8476002109679119,0.675495261611726,0.7184261176328488
2.131480351985944,0.8167412736666183,0.8388898943004839,0.6670663081105699,0.703736254759477
2.175973091810272,0.8115065532911728,0.8302690887203171,0.6585428860345192,0.6893467596844658
2.2213945776562234,0.8061821148700747,0.8217368743716769,0.6499296023363864,0.6752514907021331
2.267764196263657,0.8007691596937833,0.8132923408516745,0.6412312471166878,0.6614444316879963
2.3151017390532376,0.7952690000122057,0.8049345871131254,0.6324527823804136,0.6479196895309777
2.363427410573771,0.7896830567019048,0.7966627213684078,0.6235993300420637,0.6346714916181173
2.412761837125894,0.7840128565575312,0.7884758609943054,0.6146761592475,0.6216941833707113
2.4631260755657602,0.7782600292231953,0.780373132437831,0.6056886730864888,0.6089822258308325
2.514541622292502,0.7724263037819956,0.7723536711230158,0.5966423947743158,0.5965301932971996
2.5670304224232954,0.7665135050242455,0.7644166213586583,0.5875429533845541,0.5843327710093864
2.6206148791599473,0.7605235494170056,0.7565611362470205,0.5783960692178406,0.5723847528793827
2.6753178633509997,0.7544584407993913,0.748786377593462,0.5692075388934486,0.5606810392695386
2.731162723253437,0.7483202658296724,0.741091515817003,0.5599832202513916,0.5492166348159433
2.788173294498155,0.7421111892114975,0.7334757298618075,0.5507290171529031,0.5379866462963112
2.846373910263467,0.7358334487275702,0.7259382071095731,0.5414508642663096,0.5269862805414615
2.9057894116609404,0.7294893501098292,0.7184781432928253,0.5321547119236609,0.5162108423895057
2.9664451583380598,0.72308126177561,0.7110947424090999,0.5228465111310083,0.5056557326818641
3.0283670393021977,0.7166116094594047,0.7037872166360075,0.5135321988119984,0.49531644630025856
3.091581483970525,0.7100828707697147,0.6965547862471723,0.5042176833605593,0.4851885702438438
3.1561154734505825,0.7034975697000775,0.689396679529033,0.4949088305739154,0.4752677817456563
3.2219965520563205,0.6968582711227189,0.6823121326985006,0.48561145003214484,0.46554984642757624
3.289252839064529,0.6901675752923988,0.6753003898214601,0.476331281984989,0.456030616493016
3.357913040716669,0.6834281123869334,0.6683607027321121,0.4670739848007668,0.44670602895656275
3.4280064624712367,0.6766425371096177,0.6614923309531414,0.45784512302614044,0.4375721039098204
3.4995630215118734,0.6698135233773311,0.6546945416167076,0.44865015609915454,0.42862494282271085
3.5726132595165976,0.6629437591165414,0.6479666093862446,0.4394944277515708,0.4198607268795061
3.6471883556935407,0.6560359411877527,0.6413078163790686,0.4303831561301005,0.41127571534888924
3.7233201400888305,0.6490927704571584,0.6347174520897775,0.4213214246597493,0.40286624398733895
3.801041107172249,0.6421169470324498,0.628194813314438,0.412314173666274,0.39462872347516165
3.8803844297064765,0.635111165677844,0.6217392040755538,0.4033661927686698,0.38655963788450315
3.961383972905851,0.6280781114215302,0.6153499355478023,0.39448211404683614,0.3786555431786844
4.044074308890672,0.6210204553668346,0.6090263259845364,0.38566640598403057,0.3709130657422228
4.128490731443231,0.6139408507165637,0.6027677006450407,0.3769233681785779,0.3633289009409094
4.214669271071854,0.6068419290181637,0.5965733917225354,0.368257126814486,0.3558998117113297
4.302646710389397,0.5997262966355801,0.5904427382729206,0.3596716308762278,0.3486226271792246
4.39246059981277,0.5925965314520084,0.5843750861442506,0.3511706490889512,0.3414942413061003
4.484149273590124,0.5854551798061388,0.5783697879069373,0.34275776756183834,0.3345116115635156
4.577751866162655,0.5783047536629565,0.5724262027846662,0.3344363881091728,0.32767175763447176
4.6733083288679,0.5711477280187723,0.5665436965860254,0.32620972722100555,0.3209717601413585
4.77085944699172,0.5639865385388279,0.5607216416368361,0.3180808156530088,0.3144087593999085
4.870446857176226,0.5568235794246214,0.5549594167131782,0.31005249860324763,0.30797995419863095
4.9721130651910705,0.5496612015070086,0.5492564069751048,0.3021274364421283,0.30168260060320196
5.075901464075709,0.5425017105601445,0.5436120039010379,0.2943081059606828,0.2955140107853021
5.181856352660361,0.5353473658304595,0.5380256052228379,0.2865968021016118,0.2894715518754011
5.290022954473573,0.5282003787740933,0.5324966148615403,0.27899564013709566,0.2835526448389996
5.400447437044486,0.5210629119955499,0.5270244428637525,0.27150655825728215,0.2777547633758487
5.513176931607973,0.5139370783797709,0.5216085053387063,0.2641313205335348,0.2720754328416792
5.62825955322115,0.5068249404093533,0.5162482243959541,0.25687152022094456,0.26651222919197537
5.7457444212997775,0.49972850965826726,0.5109430280837076,0.24972858336527293,0.26106277794734845
5.865681680583348,0.4926497464531263,0.5056923503278096,0.24270377268032964,0.2557247531800641
5.988122522537795,0.4855905596928555,0.5004956308713322,0.23579819166282062,0.2504958765212928
6.113119207204973,0.47855280681745055,0.4953523152147973,0.22901278891286014,0.2453739161886599
6.240725085508216,0.47153829391645025,0.4902618545570097,0.22234836262963661,0.24035668603367855
6.370994622023514,0.46454877596772026,0.48522370573649953,0.21580556525310715,0.23544204460866108
6.503983418226005,0.4575859571971812,0.4802373311735657,0.20938490822406056,0.23062789425270902
6.639748236221746,0.45065149155019557,0.47530219881291474,0.203086766836416,0.22591218019639153
6.778347022974814,0.44374698326544915,0.47041778206689044,0.1969113851571868,0.22129288968473243
6.919838935040169,0.43687398754231666,0.46558355975928534,0.19085888099112425,0.21676805111812802
7.064284363812775,0.4300340112928891,0.46079901606973056,0.18492925086865267,0.2123357332108318
7.211744961303783,0.4232285139700521,0.45606364047865644,0.1791223750372986,0.2079940441666452
7.362283666454752,0.4164589084632343,0.4513769277128197,0.17343802243838857,0.20374113087146403
7.515964732001177,0.40972656205369007,0.44673837769138947,0.16787585565233634,0.19957517810233455
7.672853751896754,0.4030327974214432,0.44214749547258775,0.1624354357973541,0.195494407752682
7.833017689310103,0.39637889369628193,0.43760379120087856,0.15711622736788838,0.19149707807338212
7.9965249052059075,0.3897660875454702,0.43310678005469905,0.15191760300050314,0.18758148292934945
8.163445187522642,0.38319557429111323,0.4286559821947287,0.14683884815629608,0.1837459510713276
8.333849780959403,0.3766685090503901,0.42425092271268844,0.14187916571024384,0.17998884542256754
8.507811417384426,0.3701860078921459,0.4198911315806685,0.1370376804391239,0.17630856238009426
8.685404346878446,0.363749149003592,0.4155761436009748,0.1323134434008374,0.17270353113025802
8.866704369426014,0.35735897386114274,0.41130549835649155,0.1277054361990889,0.16917221297828186
9.05178886726834,0.3510164883996675,0.407078740161554,0.1232125751284339,0.16571310069151798
9.240736837931488,0.3447226641746922,0.40289541801332596,0.11883371519569763,0.16232471785613264
9.433628927943998,0.3384784395123305,0.3987550855436767,0.11456765401470236,0.15900561824694495
9.630547467258328,0.3322847206419646,0.3946573009715534,0.11041313557210847,0.15575438521015128
9.831576504390823,0.3261423828069289,0.3906016270558411,0.10636885386298137,0.15256963105867039
10.03680184229518,0.32005227134867364,0.38658763104870975,0.10243345639544503,0.14944999647985333
10.2463110749848,0.31401520276010936,0.3826148846494375,0.0986055475644726,0.14639414995530237
10.46019362491948,0.3080319657040521,0.3786829639587119,0.09488369189550233,0.1434007871925551
10.67854078117265,0.3021033219928915,0.3747914494333981,0.0912664171591407,0.1404686305683874
10.901445738395227,0.2962300075258268,0.37093992584177304,0.0877522173587514,0.13759642858350007
11.129003636592849,0.29041273318021676,0.36712798221921944,0.08433955559320377,0.1347829553283555
11.361311601733401,0.2846521856538013,0.36335521182437536,0.08102686679748616,0.1320270099599367
11.598468787202204,0.27894902825476336,0.3596212120957337,0.07781256036427676,0.1293274161892047
11.840576416122529,0.27330390163681595,0.35592558460868867,0.07469502264990636,0.1266830217790368
12.087737824559516,0.267717424476716,0.3522679350330227,0.07167261936844613,0.12409269805242992
12.340058505625949,0.26219019409183697,0.34864787309083095,0.06874369787791514,0.12155533941076016
12.597646154508682,0.25672278699566525,0.34506501251487787,0.06590658936282172,0.11906986286189282
12.860610714434964,0.25131575938933026,0.34151897100738177,0.06315961091743574,0.11663520755794086
13.129064423598262,0.24596964758753903,0.33800937019922295,0.06050106753433815,0.11425033434247535
13.403121863063625,0.24068496837755057,0.3345358356095712,0.05792925400290252,0.11191422530699403
13.682900005672993,0.235462219310116,0.33109799660592787,0.05544245672244516,0.10962588335645902
13.968518265971513,0.23030187892160225,0.3276954863645779,0.053038955434820345,0.10738433178371726
14.260098551175728,0.2252044068868481,0.3243279418314508,0.05071702488125703,0.10518861385262494
14.55776531320597,0.2201702441026128,0.32099500368338074,0.048474936388204104,0.10303779238969361
14.86164560180474,0.21519981270184804,0.31769631628976663,0.046310959386910475,0.10093094938408743
15.171869118763917,0.2102935159993805,0.31443152767462546,0.044223362871381705,0.09886718559579875
15.488568273283907,0.2054517383699768,0.311200289479036,0.04221041679924539,0.0968456201718358
15.811878238488365,0.20067484506016492,0.30800225692396815,0.0402703934399212,0.09486539027025809
16.141937009118614,0.19596318193559684,0.3048370887734946,0.03840156867432382,0.09292565069189941
16.47888546043239,0.19131707516616417,0.30170444729837986,0.036602223250135714,0.09102557351962087
16.822867408332023,0.18673683085151535,0.2986039982400445,0.03487064399646746,0.0891643477649405
17.17402967074776,0.18222273459006458,0.29553541077489887,0.033205125001481116,0.0873411790218882
17.532522130302418,0.17777505099503144,0.29249835747904346,0.03160396875628603,0.08555528912793829
17.89849779828407,0.1733940231614981,0.28949251429333245,0.03006548726813014,0.08380591583187529
18.27211287995413,0.1690798720889144,0.28651756048879595,0.028588003145603655,0.08209231246845085
18.653526841218692,0.16483279606391543,0.2835731786324176,0.027169850658248333,0.08041374763969303
19.042902476691562,0.16065297000874074,0.2806590545532637,0.02580937677262935,0.07876950490273184
19.440405979178024,0.1565405448009442,0.27777487730896083,0.024504942166576418,0.07715888246400825
19.846207010609056,0.15249564657046336,0.2749203391525178,0.02325492222294367,0.0755811928797354
20.260478774456214,0.14851837598046447,0.2720951354994882,0.022057708003874604,0.07403576276248486
20.683398089658112,0.14460880749869176,0.2692989648954709,0.02091170720619369,0.07252193249377206
21.11514546609001,0.1407669886663188,0.2665315289839445,0.019815345098183522,0.07103905594251925
21.55590518160897,0.13699293937152013,0.2637925324744311,0.01876706543764899,0.06958650018927377
22.00586536070685,0.13328665113515756,0.2610816831109897,0.0177653313708252,0.06816364525606726
22.46521805480552,0.12964808641607387,0.2583986916410313,0.016808626311349755,0.06676988384179677
22.93415932422795,0.12607717794354933,0.2557432717844549,0.0158954547982094,0.06540462106301756
23.412889321880435,0.12257382808444847,0.2531151402031013,0.01502434333127593,0.06406727420003562
23.90161237868161,0.1191379082525022,0.25051401647052,0.014193841182781632,0.06275727244819197
24.400537090774677,0.1157692583670105,0.24793962304204772,0.013402521182847632,0.061474056674232724
24.909876408560166,0.11246768636801889,0.2453916852251932,0.012648980476975063,0.0602170791776603
25.42984772758715,0.10923296779471692,0.24286993115032757,0.011931841253241664,0.05898580345696485
25.960672981341716,0.10606484543343142,0.24037409174167515,0.011249751436817699,0.05777970398063526
26.502578735972342,0.10296302904113837,0.23790390068860248,0.010601385349326304,0.05659826596285243
27.055796286992564,0.09992719514990432,0.2354590944172027,0.009985444330527062,0.055440985143769175
27.62056175800222,0.09695698695709172,0.23303941206217157,0.009400657319797653,0.054307367574282596
28.19711620146944,0.09405201430552815,0.23064459543897275,0.008845781394927272,0.05319692940520741
28.785705701616333,0.0912118537571556,0.2282743890162889,0.008319602265816739,0.05210919668076
29.38658147945232,0.0884360487629481,0.22592853988875625,0.007820934720802534,0.05104370513626532
29.999999999999996,0.08572410993112294,0.22360679774997896,0.0073486230234832495,0.049999999999999996
