y_keff_inv,y_Mpc_over_h,A_y,dA_dy
0.0,0.0,-2.201332879305304e-32,1.0274862967460157
0.01001001001001001,0.00667334000667334,0.010285146172648406,1.0274859092005835
0.02002002002002002,0.01334668001334668,0.020570288485722666,1.0274855256128683
0.03003003003003003,0.02002002002002002,0.03085542697860257,1.0274851459051983
0.04004004004004004,0.02669336002669336,0.04114056168974804,1.0274847700015173
0.050050050050050046,0.0333667000333667,0.051425692656712034,1.027484397827365
0.06006006006006006,0.04004004004004004,0.06171081991670371,1.027484029308878
0.07007007007007007,0.04671338004671338,0.07199594350571581,1.0274836643743186
0.08008008008008008,0.05338672005338672,0.0822810634594027,1.0274833029525372
0.09009009009009009,0.06006006006006006,0.09256617981258426,1.0274829449738268
0.10010010010010009,0.0667334000667334,0.10285129259924095,1.0274825903699334
0.11011011011011011,0.07340674007340674,0.11313640185304272,1.0274822390731368
0.12012012012012012,0.08008008008008008,0.12342150760654409,1.0274818910176273
0.13013013013013014,0.08675342008675342,0.13370660989198457,1.0274815461381375
0.14014014014014015,0.09342676009342676,0.1439917087408455,1.0274812043706865
0.15015015015015015,0.1001001001001001,0.15427680418383016,1.027480865652615
0.16016016016016016,0.10677344010677343,0.1645618962513611,1.027480529921737
0.17017017017017017,0.11344678011344678,0.17484698497283663,1.0274801971175889
0.18018018018018017,0.12012012012012012,0.1851320703773611,1.0274798671802015
0.19019019019019018,0.12679346012679346,0.19541715249334898,1.0274795400507535
0.20020020020020018,0.1334668001334668,0.20570223134849303,1.0274792156716246
0.21021021021021022,0.14014014014014015,0.21598730697023077,1.0274788939856145
0.22022022022022023,0.14681348014681347,0.22627237938505876,1.027478574937074
0.23023023023023023,0.15348682015348683,0.23655744861919772,1.0274782584708029
0.24024024024024024,0.16016016016016016,0.24684251469824053,1.0274779445326263
0.2502502502502503,0.16683350016683351,0.25712757764710853,1.027477633069458
0.2602602602602603,0.17350684017350684,0.26741263749049154,1.0274773240285855
0.2702702702702703,0.1801801801801802,0.27769769425221225,1.0274770173586885
0.2802802802802803,0.18685352018685353,0.28798274795583545,1.02747671300886
0.2902902902902903,0.19352686019352686,0.2982677986243519,1.0274764109291006
0.3003003003003003,0.2002002002002002,0.3085528462801277,1.0274761110704036
0.3103103103103103,0.20687354020687354,0.3188378909453174,1.0274758133840887
0.3203203203203203,0.21354688021354687,0.32912293264127596,1.0274755178227282
0.3303303303303303,0.22022022022022023,0.3394079713891154,1.02747522433927
0.34034034034034033,0.22689356022689355,0.34969300720942303,1.0274749328874693
0.35035035035035034,0.23356690023356688,0.359978040122203,1.0274746434219786
0.36036036036036034,0.24024024024024024,0.37026307014726667,1.0274743558977422
0.37037037037037035,0.24691358024691357,0.3805480973036847,1.027474070270823
0.38038038038038036,0.2535869202535869,0.3908331216103001,1.027473786497629
0.39039039039039036,0.2602602602602602,0.4011181430854747,1.0274735045352845
0.40040040040040037,0.2669336002669336,0.41140316174702435,1.027473224341723
0.41041041041041043,0.27360694027360694,0.42168817761258837,1.0274729458751366
0.42042042042042044,0.2802802802802803,0.4319731906991196,1.0274726690947196
0.43043043043043044,0.28695362028695365,0.4422582010233557,1.0274723939599786
0.44044044044044045,0.29362696029362695,0.4525432086015924,1.027472120431054
0.45045045045045046,0.3003003003003003,0.4628282134496127,1.0274718484688177
0.46046046046046046,0.30697364030697366,0.4731132155830381,1.0274715780343695
0.47047047047047047,0.31364698031364696,0.48339821501685193,1.0274713090897032
0.4804804804804805,0.3203203203203203,0.49368321176583324,1.0274710415970962
0.4904904904904905,0.3269936603269937,0.5039682058443542,1.0274707755193873
0.5005005005005005,0.33366700033366703,0.514253197266305,1.0274705108200712
0.5105105105105106,0.3403403403403404,0.5245381860454259,1.027470247462846
0.5205205205205206,0.3470136803470137,0.5348231721948632,1.0274699854122042
0.5305305305305306,0.35368702035368704,0.5451081557275693,1.0274697246328954
0.5405405405405406,0.3603603603603604,0.5553931366561198,1.0274694650901635
0.5505505505505506,0.3670337003670337,0.5656781149926352,1.0274692067498425
0.5605605605605606,0.37370704037370706,0.5759630907490996,1.027468949577944
0.5705705705705706,0.3803803803803804,0.5862480639369388,1.0274686935411852
0.5805805805805806,0.3870537203870537,0.5965330345673959,1.0274684386065165
0.5905905905905906,0.39372706039372707,0.6068180026513631,1.027468184741321
0.6006006006006006,0.4004004004004004,0.6171029681993031,1.02746793191351
0.6106106106106106,0.4070737404070737,0.6273879312215505,1.0274676800911509
0.6206206206206206,0.4137470804137471,0.6376728917279176,1.0274674292429349
0.6306306306306306,0.42042042042042044,0.6479578497280408,1.0274671793377639
0.6406406406406406,0.42709376042709374,0.6582428052312306,1.0274669303449173
0.6506506506506506,0.4337671004337671,0.6685277582463895,1.0274666822341467
0.6606606606606606,0.44044044044044045,0.6788127087822999,1.0274664349753377
0.6706706706706707,0.44711378044711375,0.6890976568472534,1.0274661885389278
0.6806806806806807,0.4537871204537871,0.6993826024493718,1.0274659428955422
0.6906906906906907,0.46046046046046046,0.7096675455964727,1.0274656980161345
0.7007007007007007,0.46713380046713376,0.7199524862959847,1.0274654538720762
0.7107107107107107,0.4738071404738071,0.7302374245552247,1.0274652104348598
0.7207207207207207,0.4804804804804805,0.7405223603810441,1.0274649676764558
0.7307307307307307,0.4871538204871538,0.7508072937801321,1.0274647255690044
0.7407407407407407,0.49382716049382713,0.7610922247588919,1.0274644840849314
0.7507507507507507,0.5005005005005004,0.7713771533233543,1.027464243197029
0.7607607607607607,0.5071738405071738,0.7816620794794453,1.0274640028781945
0.7707707707707707,0.5138471805138471,0.7919470032326494,1.0274637631017425
0.7807807807807807,0.5205205205205204,0.8022319245882928,1.027463523841137
0.7907907907907907,0.5271938605271939,0.8125168435514336,1.0274632850700873
0.8008008008008007,0.5338672005338672,0.8228017601267722,1.0274630467626247
0.8108108108108109,0.5405405405405406,0.8330866743189086,1.0274628088928688
0.8208208208208209,0.5472138805472139,0.8433715861320223,1.0274625714353012
0.8308308308308309,0.5538872205538873,0.8536564955701398,1.0274623343645344
0.8408408408408409,0.5605605605605606,0.8639414026370342,1.0274620976553892
0.8508508508508509,0.5672339005672339,0.8742263073361307,1.027461861282966
0.8608608608608609,0.5739072405739073,0.8845112096707624,1.0274616252224416
0.8708708708708709,0.5805805805805806,0.8947961096438584,1.0274613894493003
0.8808808808808809,0.5872539205872539,0.9050810072581977,1.0274611539391412
0.8908908908908909,0.5939272605939273,0.9153659025163193,1.0274609186677388
0.9009009009009009,0.6006006006006006,0.9256507954204257,1.0274606836111078
0.9109109109109109,0.6072739406072739,0.9359356859726292,1.0274604487453254
0.9209209209209209,0.6139472806139473,0.9462205741746568,1.0274602140467313
0.9309309309309309,0.6206206206206206,0.9565054600280842,1.0274599794917596
0.9409409409409409,0.6272939606272939,0.9667903435342615,1.0274597450569938
0.950950950950951,0.6339673006339673,0.977075224694209,1.0274595107192168
0.960960960960961,0.6406406406406406,0.987360103508862,1.0274592764552664
0.970970970970971,0.6473139806473139,0.9976449799787811,1.0274590422421954
0.980980980980981,0.6539873206539873,1.007929854104381,1.027458808057137
0.990990990990991,0.6606606606606606,1.018214725885857,1.027458573877347
1.001001001001001,0.6673340006673341,1.0284995953230853,1.0274583396802455
1.011011011011011,0.6740073406740074,1.0387844624158555,1.0274581054432945
1.021021021021021,0.6806806806806808,1.0490693271635965,1.0274578711441336
1.031031031031031,0.6873540206873541,1.0593541895655927,1.027457636760467
1.0410410410410411,0.6940273606940274,1.0696390496209158,1.0274574022700946
1.0510510510510511,0.7007007007007008,1.0799239073283242,1.0274571676509505
1.0610610610610611,0.7073740407073741,1.0902087626864934,1.0274569328810002
1.0710710710710711,0.7140473807140474,1.1004936156937464,1.0274566979383473
1.0810810810810811,0.7207207207207208,1.1107784663482603,1.0274564628011469
1.0910910910910911,0.7273940607273941,1.1210633146480107,1.0274562274476289
1.1011011011011012,0.7340674007340674,1.1313481605906588,1.0274559918561217
1.1111111111111112,0.7407407407407408,1.1416330041737888,1.0274557560049815
1.1211211211211212,0.7474140807474141,1.1519178453946377,1.027455519872664
1.1311311311311312,0.7540874207540874,1.162202684250297,1.0274552834376636
1.1411411411411412,0.7607607607607608,1.1724875207376615,1.0274550466785282
1.1511511511511512,0.7674341007674341,1.1827723548533156,1.0274548095738745
1.1611611611611612,0.7741074407741074,1.1930571865937676,1.0274545721023396
1.1711711711711712,0.7807807807807808,1.2033420159551826,1.0274543342426274
1.1811811811811812,0.7874541207874541,1.2136268429335821,1.027454095973466
1.1911911911911912,0.7941274607941274,1.2239116675247939,1.0274538572736176
1.2012012012012012,0.8008008008008008,1.2341964897243363,1.0274536181218878
1.2112112112112112,0.8074741408074741,1.2444813095276528,1.027453378497092
1.2212212212212212,0.8141474808141475,1.2547661269298487,1.027453138378082
1.2312312312312312,0.8208208208208209,1.265050941925882,1.0274528977437216
1.2412412412412412,0.8274941608274942,1.275335754510523,1.0274526565728914
1.2512512512512513,0.8341675008341675,1.2856205646782315,1.0274524148444868
1.2612612612612613,0.8408408408408409,1.2959053724233915,1.0274521725374066
1.2712712712712713,0.8475141808475142,1.3061901777400544,1.0274519296305582
1.2812812812812813,0.8541875208541875,1.3164749806221194,1.027451686102847
1.2912912912912913,0.8608608608608609,1.3267597810633023,1.0274514419331786
1.3013013013013013,0.8675342008675342,1.3370445790570056,1.0274511971004476
1.3113113113113113,0.8742075408742075,1.347329374596559,1.027450951583548
1.3213213213213213,0.8808808808808809,1.3576141676749565,1.027450705361349
1.3313313313313313,0.8875542208875542,1.3678989582850403,1.0274504584127115
1.3413413413413413,0.8942275608942275,1.3781837464194704,1.0274502107164776
1.3513513513513513,0.9009009009009009,1.3884685320705912,1.0274499622514548
1.3613613613613613,0.9075742409075742,1.398753315230672,1.0274497129964424
1.3713713713713713,0.9142475809142475,1.4090380958916493,1.0274494629301918
1.3813813813813813,0.9209209209209209,1.4193228740453026,1.0274492120314296
1.3913913913913913,0.9275942609275942,1.42960764968323,1.027448960278853
1.4014014014014013,0.9342676009342675,1.4398924227967123,1.0274487076510983
1.4114114114114114,0.9409409409409409,1.4501771933769523,1.0274484541267879
1.4214214214214214,0.9476142809476142,1.4604619614148184,1.0274481996844715
1.4314314314314314,0.9542876209542875,1.470746726901021,1.027447944302663
1.4414414414414414,0.960960960960961,1.4810314898260872,1.027447687959831
1.4514514514514514,0.9676343009676343,1.4913162501802204,1.0274474306343613
1.4614614614614614,0.9743076409743076,1.5016010079535491,1.0274471723046201
1.4714714714714714,0.980980980980981,1.5118857631358609,1.0274469129488764
1.4814814814814814,0.9876543209876543,1.5221705157167835,1.0274466525453503
1.4914914914914914,0.9943276609943276,1.5324552656857602,1.0274463910722067
1.5015015015015014,1.0010010010010009,1.5427400130319036,1.0274461285075018
1.5115115115115114,1.0076743410076743,1.5530247577442506,1.0274458648292681
1.5215215215215214,1.0143476810143477,1.563309499811496,1.0274456000154177
1.5315315315315314,1.0210210210210209,1.5735942392221647,1.0274453340438012
1.5415415415415414,1.0276943610276943,1.583878975964599,1.027445066892202
1.5515515515515514,1.0343677010343677,1.594163710026805,1.0274447985382733
1.5615615615615615,1.041041041041041,1.6044484413967082,1.0274445289596361
1.5715715715715715,1.0477143810477143,1.6147331700618883,1.0274442581337726
1.5815815815815815,1.0543877210543877,1.6250178960097514,1.027443986038089
1.5915915915915915,1.061061061061061,1.6353026192275153,1.0274437126499119
1.6016016016016015,1.0677344010677343,1.645587339702057,1.027443437946418
1.6116116116116117,1.0744077410744077,1.6558720574201693,1.0274431619047448
1.6216216216216217,1.0810810810810811,1.6661567723682942,1.0274428845018688
1.6316316316316317,1.0877544210877546,1.6764414845326912,1.0274426057146786
1.6416416416416417,1.0944277610944277,1.6867261938994345,1.0274423255199738
1.6516516516516517,1.1011011011011012,1.6970109004542426,1.0274420438943797
1.6616616616616617,1.1077744411077746,1.7072956041827507,1.0274417608144777
1.6716716716716717,1.1144477811144478,1.717580305070236,1.0274414762566662
1.6816816816816818,1.1211211211211212,1.727865003101784,1.0274411901972451
1.6916916916916918,1.1277944611277946,1.738149698262295,1.027440902612414
1.7017017017017018,1.1344678011344678,1.748434390536302,1.0274406134781746
1.7117117117117118,1.1411411411411412,1.7587190799082528,1.0274403227704807
1.7217217217217218,1.1478144811478146,1.7690037663622267,1.0274400304650826
1.7317317317317318,1.1544878211544878,1.7792884498821075,1.0274397365376173
1.7417417417417418,1.1611611611611612,1.7895731304515874,1.0274394409636134
1.7517517517517518,1.1678345011678346,1.799857808053981,1.027439143718378
1.7617617617617618,1.1745078411745078,1.8101424826725148,1.0274388447771654
1.7717717717717718,1.1811811811811812,1.8204271542900388,1.027438544115007
1.7817817817817818,1.1878545211878546,1.830711822889197,1.0274382417068049
1.7917917917917918,1.1945278611945278,1.8409964884524408,1.0274379375273461
1.8018018018018018,1.2012012012012012,1.851281150961828,1.0274376315511713
1.8118118118118118,1.2078745412078746,1.861565810399329,1.0274373237527645
1.8218218218218218,1.2145478812145478,1.8718504667465239,1.0274370141063638
1.8318318318318318,1.2212212212212212,1.8821351199847807,1.0274367025860693
1.8418418418418419,1.2278945612278946,1.8924197700952683,1.0274363891658513
1.8518518518518519,1.2345679012345678,1.902704417058752,1.0274360738194144
1.8618618618618619,1.2412412412412412,1.9129890608558997,1.027435756520399
1.8718718718718719,1.2479145812479147,1.9232737014669865,1.0274354372421814
1.8818818818818819,1.2545879212545878,1.933558338872058,1.0274351159579826
1.8918918918918919,1.2612612612612613,1.9438429730509614,1.027434792640888
1.901901901901902,1.2679346012679347,1.9541276039831217,1.0274344672636921
1.911911911911912,1.2746079412746079,1.964412231647865,1.027434139799121
1.921921921921922,1.2812812812812813,1.9746968560241118,1.0274338102196139
1.931931931931932,1.2879546212879547,1.9849814770905425,1.0274334784974422
1.941941941941942,1.2946279612946279,1.9952660948256353,1.0274331446047338
1.951951951951952,1.3013013013013013,2.0055507092074265,1.0274328085132984
1.961961961961962,1.3079746413079747,2.015835320213856,1.0274324701948747
1.971971971971972,1.3146479813146479,2.026119927822438,1.0274321296208921
1.981981981981982,1.3213213213213213,2.0364045320104394,1.0274317867625993
1.991991991991992,1.3279946613279947,2.0466891327549197,1.0274314415910908
2.002002002002002,1.3346680013346681,2.0569737300324786,1.0274310940771185
2.012012012012012,1.3413413413413415,2.067258323819611,1.0274307441913586
2.022022022022022,1.3480146813480147,2.0775429140923785,1.0274303919041572
2.032032032032032,1.3546880213546881,2.0878275008265788,1.0274300371856628
2.042042042042042,1.3613613613613615,2.0981120839978007,1.0274296800058629
2.052052052052052,1.3680347013680347,2.1083966635811495,1.0274293203343763
2.062062062062062,1.3747080413747081,2.118681239551624,1.0274289581407385
2.0720720720720722,1.3813813813813816,2.128965811883775,1.0274285933941367
2.0820820820820822,1.3880547213880547,2.139250380551875,1.027428226063544
2.0920920920920922,1.3947280613947282,2.1495349455299824,1.0274278561177628
2.1021021021021022,1.4014014014014016,2.159819506791653,1.0274274835251997
2.1121121121121122,1.4080747414080748,2.1701040643103267,1.0274271082541748
2.1221221221221223,1.4147480814147482,2.180388618058987,1.0274267302726374
2.1321321321321323,1.4214214214214216,2.1906731680103193,1.0274263495483047
2.1421421421421423,1.4280947614280948,2.200957714136788,1.0274259660487157
2.1521521521521523,1.4347681014347682,2.211242256410338,1.0274255797409868
2.1621621621621623,1.4414414414414416,2.221526794802791,1.0274251905921412
2.1721721721721723,1.4481147814481148,2.231811329285494,1.0274247985688103
2.1821821821821823,1.4547881214547882,2.2420958598294813,1.0274244036373739
2.1921921921921923,1.4614614614614616,2.2523803864055636,1.0274240057640283
2.2022022022022023,1.4681348014681348,2.2626649089840014,1.027423604914517
2.2122122122122123,1.4748081414748082,2.272949427534935,1.027423201054484
2.2222222222222223,1.4814814814814816,2.283233942028005,1.0274227941491594
2.2322322322322323,1.4881548214881548,2.293518452432528,1.0274223841635044
2.2422422422422423,1.4948281614948282,2.3038029587175877,1.027421971062286
2.2522522522522523,1.5015015015015016,2.314087460851694,1.0274215548097922
2.2622622622622623,1.5081748415081748,2.3243719588032326,1.0274211353702032
2.2722722722722724,1.5148481815148482,2.334656452540065,1.0274207127072617
2.2822822822822824,1.5215215215215216,2.344940942029716,1.0274202867844244
2.2922922922922924,1.5281948615281948,2.3552254272394713,1.0274198575649445
2.3023023023023024,1.5348682015348682,2.3655099081360147,1.027419425011564
2.3123123123123124,1.5415415415415417,2.3757943846858973,1.0274189890869128
2.3223223223223224,1.5482148815482148,2.3860788568551317,1.0274185497531598
2.3323323323323324,1.5548882215548883,2.396363324609371,1.0274181069721664
2.3423423423423424,1.5615615615615617,2.406647787914024,1.0274176607055823
2.3523523523523524,1.5682349015682349,2.4169322467338663,1.027417210914515
2.3623623623623624,1.5749082415749083,2.4272167010335397,1.0274167575599522
2.3723723723723724,1.5815815815815817,2.4375011507771234,1.0274163006023975
2.3823823823823824,1.5882549215882549,2.447785595928318,1.027415840002025
2.3923923923923924,1.5949282615949283,2.458070036450568,1.0274153757187874
2.4024024024024024,1.6016016016016017,2.4683544723066677,1.0274149077120658
2.4124124124124124,1.6082749416082749,2.478638903459255,1.0274144359411101
2.4224224224224224,1.6149482816149483,2.4889233298703934,1.027413960364664
2.4324324324324325,1.6216216216216217,2.4992077515017437,1.0274134809411186
2.4424424424424425,1.628294961628295,2.5094921683147047,1.0274129976286352
2.4524524524524525,1.6349683016349683,2.51977658026999,1.027412510384768
2.4624624624624625,1.6416416416416417,2.530060987328151,1.0274120191669331
2.4724724724724725,1.648314981648315,2.540345389449143,1.0274115239320163
2.4824824824824825,1.6549883216549883,2.550629786592496,1.0274110246365247
2.4924924924924925,1.6616616616616617,2.5609141787174687,1.0274105212367282
2.5025025025025025,1.668335001668335,2.571198565782602,1.0274100136882542
2.5125125125125125,1.6750083416750083,2.581482947746267,1.027409501946583
2.5225225225225225,1.6816816816816818,2.591767324566216,1.0274089859666387
2.5325325325325325,1.688355021688355,2.602051696199749,1.0274084657029428
2.5425425425425425,1.6950283616950284,2.6123360626038896,1.0274079411097674
2.5525525525525525,1.7017017017017018,2.622620423734905,1.0274074121407097
2.5625625625625625,1.708375041708375,2.632904779548888,1.027406878749206
2.5725725725725725,1.7150483817150484,2.6431891300012857,1.0274063408881144
2.5825825825825826,1.7217217217217218,2.653473475047065,1.0274057985098608
2.5925925925925926,1.728395061728395,2.6637578146409124,1.027405251566613
2.6026026026026026,1.7350684017350684,2.6740421487367203,1.0274047000098263
2.6126126126126126,1.7417417417417418,2.6843264772881956,1.0274041437907846
2.6226226226226226,1.748415081748415,2.694610800248373,1.0274035828601669
2.6326326326326326,1.7550884217550884,2.7048951175697824,1.0274030171681903
2.6426426426426426,1.7617617617617618,2.7151794292046625,1.027402446664807
2.6526526526526526,1.768435101768435,2.7254637351044186,1.0274018712992143
2.6626626626626626,1.7751084417751084,2.7357480352202637,1.0274012910204302
2.6726726726726726,1.7817817817817818,2.7460323295027074,1.0274007057768362
2.6826826826826826,1.788455121788455,2.7563166179017307,1.0274001155163253
2.6926926926926926,1.7951284617951284,2.7666009003670085,1.0273995201865147
2.7027027027027026,1.8018018018018018,2.7768851768473457,1.0273989197342248
2.7127127127127126,1.808475141808475,2.78716944729134,1.0273983141060843
2.7227227227227226,1.8151484818151484,2.7974537116468663,1.0273977032480608
2.7327327327327327,1.8218218218218218,2.807737969861229,1.0273970871055973
2.7427427427427427,1.828495161828495,2.818022221881423,1.0273964656238528
2.7527527527527527,1.8351685018351684,2.828306467653531,1.027395838747146
2.7627627627627627,1.8418418418418419,2.838590707123414,1.0273952064195924
2.7727727727727727,1.848515181848515,2.848874940236181,1.0273945685846155
2.7827827827827827,1.8551885218551885,2.8591591669363425,1.0273939251850825
2.7927927927927927,1.8618618618618619,2.8694433871680824,1.027393276163564
2.8028028028028027,1.868535201868535,2.8797276008746335,1.0273926214617477
2.8128128128128127,1.8752085418752085,2.8900118079989916,1.0273919610211029
2.8228228228228227,1.8818818818818819,2.900296008483372,1.0273912947823771
2.8328328328328327,1.888555221888555,2.910580202269353,1.0273906226857266
2.8428428428428427,1.8952285618952285,2.920864389298182,1.0273899446710002
2.8528528528528527,1.901901901901902,2.931148569510101,1.0273892606771164
2.8628628628628627,1.908575241908575,2.941432742845108,1.0273885706427623
2.8728728728728727,1.9152485819152485,2.9517169092423847,1.0273878745058698
2.8828828828828827,1.921921921921922,2.9620010686404394,1.0273871722037433
2.8928928928928928,1.928595261928595,2.9722852209774406,1.0273864636733698
2.9029029029029028,1.9352686019352685,2.9825693661905026,1.0273857488507547
2.9129129129129128,1.941941941941942,2.992853504216476,1.0273850276716583
2.9229229229229228,1.948615281948615,3.0031376349913703,1.0273843000710534
2.932932932932933,1.9552886219552885,3.013421758450475,1.027383565983245
2.942942942942943,1.961961961961962,3.0237058745287335,1.02738282534221
2.952952952952953,1.9686353019686351,3.0339899831599837,1.0273820780808918
2.962962962962963,1.9753086419753085,3.0442740842777773,1.0273813241319716
2.972972972972973,1.981981981981982,3.054558177814798,1.0273805634273119
2.982982982982983,1.9886553219886551,3.064842263702968,1.0273797958980655
2.992992992992993,1.9953286619953285,3.0751263418738453,1.027379021475042
3.003003003003003,2.0020020020020017,3.085410412257833,1.0273782400879674
3.013013013013013,2.0086753420086754,3.0956944747850326,1.027377451666287
3.023023023023023,2.0153486820153486,3.1059785293846405,1.0273766561385933
3.033033033033033,2.0220220220220217,3.1162625759850457,1.0273758534327229
3.043043043043043,2.0286953620286954,3.1265466145142615,1.0273750434761586
3.053053053053053,2.0353687020353686,3.1368306448990917,1.027374226195245
3.063063063063063,2.0420420420420418,3.1471146670660204,1.027373401516025
3.073073073073073,2.0487153820487154,3.1573986809405867,1.0273725693636528
3.083083083083083,2.0553887220553886,3.16768268644748,1.027371729662483
3.093093093093093,2.0620620620620618,3.1779666835109968,1.0273708823365006
3.103103103103103,2.0687354020687354,3.1882506720541692,1.0273700273084958
3.113113113113113,2.0754087420754086,3.198534651999686,1.0273691645009346
3.123123123123123,2.082082082082082,3.2088186232692544,1.027368293835362
3.133133133133133,2.0887554220887554,3.2191025857836846,1.0273674152324697
3.143143143143143,2.0954287620954286,3.22938653946338,1.0273665286125684
3.153153153153153,2.102102102102102,3.2396704842274144,1.0273656338947124
3.163163163163163,2.1087754421087754,3.2499544199945007,1.0273647309976122
3.173173173173173,2.1154487821154486,3.2602383466823297,1.027363819839017
3.183183183183183,2.122122122122122,3.2705222642076435,1.0273629003357703
3.193193193193193,2.1287954621287954,3.280806172486761,1.0273619724043235
3.203203203203203,2.1354688021354686,3.2910900714346103,1.0273610359598053
3.2132132132132134,2.1421421421421423,3.3013739609657318,1.0273600909169782
3.2232232232232234,2.1488154821488155,3.311657840993609,1.027359137189605
3.2332332332332334,2.155488822155489,3.3219417114307137,1.0273581746904872
3.2432432432432434,2.1621621621621623,3.3322255721890883,1.0273572033320193
3.2532532532532534,2.1688355021688355,3.3425094231793087,1.0273562230252067
3.2632632632632634,2.175508842175509,3.352793264311542,1.0273552336806653
3.2732732732732734,2.1821821821821823,3.36307709549486,1.027354235207969
3.2832832832832834,2.1888555221888555,3.3733609166372593,1.0273532275156723
3.2932932932932935,2.195528862195529,3.38364472764629,1.0273522105119084
3.3033033033033035,2.2022022022022023,3.393928528427973,1.0273511841033522
3.3133133133133135,2.2088755422088755,3.4042123188878888,1.0273501481962617
3.3233233233233235,2.215548882215549,3.4144960989304765,1.0273491026958113
3.3333333333333335,2.2222222222222223,3.4247798684590416,1.0273480475060948
3.3433433433433435,2.2288955622288955,3.435063627376428,1.0273469825307684
3.3533533533533535,2.235568902235569,3.445347375583874,1.0273459076719575
3.3633633633633635,2.2422422422422423,3.4556311129821498,1.0273448228313424
3.3733733733733735,2.2489155822489155,3.4659148394708374,1.0273437279094784
3.3833833833833835,2.255588922255589,3.4761985549483265,1.0273426228057714
3.3933933933933935,2.2622622622622623,3.486482259312521,1.0273415074191765
3.4034034034034035,2.2689356022689355,3.4967659524596435,1.0273403816470392
3.4134134134134135,2.275608942275609,3.507049634285418,1.0273392453862336
3.4234234234234235,2.2822822822822824,3.5173333046843402,1.027338098532461
3.4334334334334335,2.2889556222889555,3.5276169635496313,1.0273369409802042
3.4434434434434436,2.295628962295629,3.5379006107740207,1.0273357726234802
3.4534534534534536,2.3023023023023024,3.5481842462484687,1.0273345933546167
3.4634634634634636,2.3089756423089756,3.5584678698634087,1.027333403065436
3.4734734734734736,2.315648982315649,3.568751481507997,1.0273322016465427
3.4834834834834836,2.3223223223223224,3.5790350810700384,1.0273309889872504
3.4934934934934936,2.3289956623289956,3.589318668436834,1.0273297649763884
3.5035035035035036,2.335669002335669,3.599602243493823,1.0273285295010137
3.5135135135135136,2.3423423423423424,3.6098858061258867,1.0273272824476434
3.5235235235235236,2.3490156823490156,3.6201693562165835,1.0273260237015307
3.5335335335335336,2.355689022355689,3.630452893648038,1.027324753146559
3.5435435435435436,2.3623623623623624,3.6407364183018474,1.0273234706661079
3.5535535535535536,2.3690357023690356,3.6510199300576733,1.027322176141702
3.5635635635635636,2.3757090423757092,3.661303428794566,1.0273208694542855
3.5735735735735736,2.3823823823823824,3.67158691439021,1.02731955048349
3.5835835835835836,2.3890557223890556,3.6818703867207705,1.0273182191074957
3.5935935935935936,2.3957290623957292,3.692153845661871,1.0273168752039639
3.6036036036036037,2.4024024024024024,3.702437291087097,1.0273155186486027
3.6136136136136137,2.4090757424090756,3.712720722869393,1.0273141493165072
3.6236236236236237,2.4157490824157493,3.723004140880276,1.0273127670814057
3.6336336336336337,2.4224224224224224,3.7332875449896634,1.027311371815489
3.6436436436436437,2.4290957624290956,3.7435709350669053,1.027309963390409
3.6536536536536537,2.4357691024357693,3.753854310979219,1.027308541675771
3.6636636636636637,2.4424424424424425,3.7641376725931392,1.027307106540524
3.6736736736736737,2.4491157824491157,3.7744210197737167,1.0273056578521982
3.6836836836836837,2.4557891224557893,3.78470435238431,1.027304195476694
3.6936936936936937,2.4624624624624625,3.794987670287687,1.027302719279354
3.7037037037037037,2.4691358024691357,3.805270973344388,1.0273012291233727
3.7137137137137137,2.4758091424758093,3.815554261414216,1.0272997248712463
3.7237237237237237,2.4824824824824825,3.8258375343554443,1.027298206383995
3.7337337337337337,2.4891558224891557,3.8361207920245453,1.0272966735209148
3.7437437437437437,2.4958291624958293,3.8464040342773886,1.0272951261407213
3.7537537537537538,2.5025025025025025,3.8566872609674983,1.0272935640998784
3.7637637637637638,2.5091758425091757,3.8669704719476234,1.0272919872541033
3.7737737737737738,2.5158491825158493,3.87725366706892,1.0272903954575836
3.7837837837837838,2.5225225225225225,3.8875368461806388,1.0272887885626762
3.793793793793794,2.5291958625291957,3.8978200091314066,1.02728716642114
3.803803803803804,2.5358692025358693,3.908103155767394,1.02728552888237
3.813813813813814,2.5425425425425425,3.9183862859339413,1.0272838757949658
3.823823823823824,2.5492158825492157,3.928669399474738,1.0272822070059375
3.833833833833834,2.5558892225558894,3.93895249623146,1.027280522360358
3.843843843843844,2.5625625625625625,3.9492355760451323,1.0272788217026785
3.853853853853854,2.5692359025692357,3.9595186387542087,1.027277104874873
3.863863863863864,2.5759092425759094,3.9698016841962596,1.0272753717180652
3.873873873873874,2.5825825825825826,3.980084712207137,1.0272736220717293
3.883883883883884,2.5892559225892557,3.9903677226205687,1.0272718557732885
3.893893893893894,2.5959292625959294,4.000650715269604,1.027270072659521
3.903903903903904,2.6026026026026026,4.010933689984598,1.027268272564607
3.913913913913914,2.6092759426092758,4.021216646594964,1.0272664553218194
3.923923923923924,2.6159492826159494,4.03149958492834,1.0272646207627207
3.933933933933934,2.6226226226226226,4.041782504810102,1.0272627687167
3.943943943943944,2.6292959626292958,4.052065406064934,1.0272608990124765
3.953953953953954,2.6359693026359694,4.062348288514701,1.027259011476049
3.963963963963964,2.6426426426426426,4.072631151980246,1.0272571059324451
3.973973973973974,2.649315982649316,4.082913996280586,1.0272551822049187
3.983983983983984,2.6559893226559894,4.093196821232342,1.0272532401144225
3.993993993993994,2.6626626626626626,4.10347962665142,1.0272512794812148
4.004004004004004,2.6693360026693362,4.1137624123507575,1.0272493001227
4.014014014014014,2.6760093426760094,4.12404517814223,1.0272473018552502
4.024024024024024,2.682682682682683,4.134327923835789,1.0272452844933921
4.034034034034034,2.6893560226893563,4.144610649238876,1.0272432478492202
4.044044044044044,2.6960293626960294,4.154893354158173,1.0272411917341076
4.054054054054054,2.702702702702703,4.165176038397269,1.027239115956435
4.064064064064064,2.7093760427093763,4.175458701758605,1.0272370203234817
4.074074074074074,2.7160493827160495,4.185741344042644,1.0272349046406157
4.084084084084084,2.722722722722723,4.196023965047173,1.0272327687106253
4.094094094094094,2.7293960627293963,4.20630656456921,1.0272306123355528
4.104104104104104,2.7360694027360695,4.216589142402521,1.0272284353143057
4.114114114114114,2.742742742742743,4.226871698339652,1.0272262374446135
4.124124124124124,2.7494160827494163,4.2371542321711,1.027224018522225
4.134134134134134,2.7560894227560895,4.247436743684534,1.027221778340159
4.1441441441441444,2.762762762762763,4.257719232666817,1.0272195166906581
4.1541541541541545,2.7694361027694363,4.26800169890141,1.0272172333626803
4.1641641641641645,2.7761094427761095,4.278284142170477,1.0272149281439287
4.1741741741741745,2.782782782782783,4.288566562254057,1.027212600820049
4.1841841841841845,2.7894561227894563,4.298848958929188,1.027210251173801
4.1941941941941945,2.7961294627961295,4.309131331972085,1.0272078789871373
4.2042042042042045,2.802802802802803,4.3194136811554,1.0272054840385683
4.2142142142142145,2.8094761428094763,4.329696006250387,1.027203066105265
4.2242242242242245,2.8161494828161495,4.33997830702611,1.027200624962266
4.2342342342342345,2.822822822822823,4.350260583248464,1.0271981603815576
4.2442442442442445,2.8294961628294963,4.3605428346824775,1.027195672134285
4.2542542542542545,2.8361695028361695,4.37082506108945,1.0271931599879873
4.2642642642642645,2.842842842842843,4.3811072622292,1.027190623708777
4.2742742742742745,2.8495161828495164,4.39138943785927,1.0271880630605537
4.2842842842842845,2.8561895228561895,4.4016715877338495,1.0271854778039873
4.2942942942942945,2.862862862862863,4.411953711606231,1.0271828676988741
4.3043043043043046,2.8695362028695364,4.422235809225807,1.0271802325012342
4.314314314314315,2.8762095428762096,4.432517880340383,1.0271775719655627
4.324324324324325,2.882882882882883,4.44279992469541,1.0271748858440637
4.334334334334335,2.8895562228895564,4.453081942032796,1.0271721738855226
4.344344344344345,2.8962295628962296,4.463363932093513,1.0271694358378192
4.354354354354355,2.902902902902903,4.473645894614452,1.027166671444873
4.364364364364365,2.9095762429095764,4.483927829330818,1.0271638804489818
4.374374374374375,2.9162495829162496,4.494209735975361,1.0271610625900647
4.384384384384385,2.922922922922923,4.504491614277105,1.027158217604428
4.394394394394395,2.9295962629295964,4.514773463964088,1.0271553452274333
4.404404404404405,2.9362696029362696,4.525055284760082,1.0271524451902978
4.414414414414415,2.9429429429429432,4.535337076387054,1.027149517222505
4.424424424424425,2.9496162829496164,4.5456188385644385,1.0271465610510735
4.434434434434435,2.9562896229562896,4.555900571007725,1.0271435763992047
4.444444444444445,2.9629629629629632,4.566182273431379,1.0271405629891128
4.454454454454455,2.9696363029696364,4.576463945545399,1.027137520538673
4.464464464464465,2.9763096429763096,4.5867455870578615,1.0271344487639116
4.474474474474475,2.9829829829829833,4.597027197674222,1.0271313473783013
4.484484484484485,2.9896563229896564,4.607308777095759,1.0271282160912767
4.494494494494495,2.9963296629963296,4.617590325022696,1.0271250546112456
4.504504504504505,3.0030030030030033,4.627871841150571,1.0271218626420706
4.514514514514515,3.0096763430096765,4.638153325172885,1.027118639885645
4.524524524524525,3.0163496830163496,4.648434776780411,1.027115386041213
4.534534534534535,3.0230230230230233,4.658716195659521,1.0271121008037523
4.544544544544545,3.0296963630296965,4.668997581495477,1.027108783867168
4.554554554554555,3.0363697030363697,4.679278933968645,1.0271054349206086
4.564564564564565,3.0430430430430433,4.68956025275722,1.0271020536511197
4.574574574574575,3.0497163830497165,4.699841537536567,1.027098639743005
4.584584584584585,3.0563897230563897,4.710122787977405,1.027095192876056
4.594594594594595,3.0630630630630633,4.720404003749299,1.027091712728947
4.604604604604605,3.0697364030697365,4.7306851845166875,1.0270881989753708
4.614614614614615,3.0764097430764097,4.740966329941686,1.0270846512867795
4.624624624624625,3.0830830830830833,4.751247439683498,1.0270810693317827
4.634634634634635,3.0897564230897565,4.761528513396405,1.0270774527742228
4.644644644644645,3.0964297630964297,4.771809550733492,1.0270738012767757
4.654654654654655,3.1031031031031033,4.782090551342475,1.0270701144969014
4.664664664664665,3.1097764431097765,4.7923715148685995,1.0270663920896723
4.674674674674675,3.1164497831164497,4.802652440954096,1.027062633707215
4.684684684684685,3.1231231231231233,4.812933329235992,1.0270588389966189
4.694694694694695,3.1297964631297965,4.82321417935007,1.027055007603754
4.704704704704705,3.1364698031364697,4.833494990926492,1.0270511391690327
4.714714714714715,3.1431431431431434,4.843775763592796,1.0270472333303193
4.724724724724725,3.1498164831498165,4.854056496973384,1.027043289722428
4.734734734734735,3.1564898231564897,4.864337190687183,1.027039307974851
4.744744744744745,3.1631631631631634,4.8746178443518025,1.0270352877158064
4.754754754754755,3.1698365031698366,4.884898457578981,1.0270312285677974
4.764764764764765,3.1765098431765098,4.895179029977659,1.027027130150614
4.774774774774775,3.1831831831831834,4.905459561153533,1.027022992080885
4.784784784784785,3.1898565231898566,4.915740050706512,1.027018813969617
4.794794794794795,3.1965298631965298,4.926020498235139,1.0270145954264842
4.804804804804805,3.2032032032032034,4.936300903331806,1.0270103360551806
4.814814814814815,3.2098765432098766,4.946581265585931,1.027006035456507
4.824824824824825,3.2165498832165498,4.9568615845835655,1.0270016932279897
4.834834834834835,3.2232232232232234,4.967141859904664,1.0269973089612172
4.844844844844845,3.2298965632298966,4.977422091127739,1.0269928822463823
4.854854854854855,3.23656990323657,4.987702277824878,1.0269884126674216
4.864864864864865,3.2432432432432434,4.997982419564995,1.026983899805185
4.874874874874875,3.2499165832499166,5.0082625159135326,1.026979343237134
4.884884884884885,3.25658992325659,5.018542566429474,1.0269747425344566
4.894894894894895,3.2632632632632634,5.0288225706703145,1.0269700972668796
4.904904904904905,3.2699366032699366,5.039102528186826,1.0269654069975835
4.914914914914915,3.27660994327661,5.04938243852639,1.0269606712864605
4.924924924924925,3.2832832832832834,5.059662301232801,1.0269558896898898
4.934934934934935,3.2899566232899566,5.069942115843044,1.026951061757631
4.944944944944945,3.29662996329663,5.080221881892532,1.0269461870379057
4.954954954954955,3.3033033033033035,5.090501598909654,1.0269412650720913
4.964964964964965,3.3099766433099767,5.1007812664192,1.0269362953980603
4.974974974974975,3.31664998331665,5.111060883942225,1.026931277550043
4.984984984984985,3.3233233233233235,5.121340450992614,1.0269262110552841
4.994994994994995,3.3299966633299967,5.1316199670826,1.0269210954394143
5.005005005005005,3.33667000333667,5.141899431717076,1.0269159302209039
5.015015015015015,3.3433433433433435,5.152178844397088,1.0269107149144854
5.025025025025025,3.3500166833500167,5.162458204619836,1.0269054490311238
5.035035035035035,3.35669002335669,5.172737511874947,1.0269001320744073
5.045045045045045,3.3633633633633635,5.183016765650305,1.0268947635462258
5.055055055055055,3.3700367033700367,5.1932959654261355,1.0268893429409849
5.065065065065065,3.37671004337671,5.2035751106785675,1.0268838697491063
5.075075075075075,3.3833833833833835,5.2138542008797355,1.0268783434571052
5.085085085085085,3.3900567233900567,5.224133235493796,1.0268727635437134
5.095095095095095,3.39673006339673,5.2344122139830755,1.026867129485879
5.105105105105105,3.4034034034034035,5.244691135801891,1.0268614407527203
5.115115115115115,3.4100767434100767,5.2549700004002,1.0268556968091107
5.125125125125125,3.41675008341675,5.2652488072238315,1.0268498971158788
5.135135135135135,3.4234234234234235,5.2755275557101875,1.026844041125637
5.145145145145145,3.4300967634300967,5.285806245294759,1.026838128289121
5.155155155155155,3.43677010343677,5.2960848754046586,1.0268321580488815
5.165165165165165,3.4434434434434436,5.30636344546236,1.0268261298429417
5.175175175175175,3.4501167834501167,5.3166419548860615,1.0268200431051393
5.185185185185185,3.45679012345679,5.326920403085085,1.02681389726064
5.195195195195195,3.4634634634634636,5.337198789466728,1.0268076917326325
5.205205205205205,3.4701368034701368,5.3474771134295445,1.0268014259357487
5.215215215215215,3.47681014347681,5.357755374367141,1.0267950992797965
5.225225225225225,3.4834834834834836,5.368033571668707,1.0267887111702478
5.235235235235235,3.4901568234901568,5.378311704714066,1.026782261003425
5.245245245245245,3.49683016349683,5.388589772880915,1.026775748173566
5.255255255255255,3.5035035035035036,5.398867775537813,1.0267691720659637
5.265265265265265,3.510176843510177,5.409145712048057,1.0267625320607703
5.275275275275275,3.51685018351685,5.419423581770364,1.0267558275336486
5.285285285285285,3.5235235235235236,5.429701384053587,1.0267490578506058
5.295295295295295,3.530196863530197,5.439979118244331,1.0267422223754525
5.305305305305305,3.53687020353687,5.45025678367966,1.0267353204626488
5.315315315315315,3.5435435435435436,5.460534379691033,1.026728351461176
5.325325325325325,3.550216883550217,5.470811905605175,1.026721314715366
5.335335335335335,3.55689022355689,5.4810893607384035,1.0267142095593664
5.345345345345345,3.5635635635635636,5.491366744404672,1.0267070353250027
5.355355355355355,3.570236903570237,5.501644055907969,1.02669979133433
5.365365365365365,3.57691024357691,5.511921294546315,1.0266924769035648
5.375375375375375,3.5835835835835836,5.5221984596128335,1.0266850913441083
5.385385385385385,3.590256923590257,5.532475550389674,1.0266776339566175
5.395395395395395,3.59693026359693,5.542752566156496,1.026670104039298
5.405405405405405,3.6036036036036037,5.553029506182554,1.0266625008801444
5.415415415415415,3.610276943610277,5.563306369730741,1.0266548237609285
5.425425425425425,3.61695028361695,5.573583156058889,1.0266470719584362
5.435435435435435,3.6236236236236237,5.583859864413271,1.0266392447381218
5.445445445445445,3.630296963630297,5.594136494037516,1.0266313413628454
5.455455455455455,3.63697030363697,5.6044130441643984,1.0266233610847983
5.465465465465465,3.6436436436436437,5.614689514019923,1.0266153031495409
5.475475475475475,3.650316983650317,5.624965902824848,1.0266071667974714
5.485485485485485,3.65699032365699,5.635242209787762,1.0265989512570337
5.495495495495495,3.6636636636636637,5.645518434114451,1.0265906557539284
5.505505505505505,3.670337003670337,5.655794574999377,1.0265822795027097
5.515515515515515,3.67701034367701,5.666070631629789,1.0265738217108653
5.525525525525525,3.6836836836836837,5.676346603187511,1.0265652815805362
5.535535535535535,3.690357023690357,5.686622488841543,1.026556658301258
5.545545545545545,3.69703036369703,5.696898287757927,1.0265479510596598
5.555555555555555,3.7037037037037037,5.707173999090871,1.0265391590307245
5.565565565565565,3.710377043710377,5.717449621986921,1.0265302813819082
5.575575575575575,3.71705038371705,5.727725155587007,1.0265213172751297
5.585585585585585,3.7237237237237237,5.7380005990185365,1.0265122658590113
5.595595595595595,3.730397063730397,5.748275951405798,1.026503126279098
5.605605605605605,3.73707040373707,5.758551211860727,1.026493897668769
5.615615615615615,3.7437437437437437,5.768826379487105,1.0264845791533816
5.625625625625625,3.750417083750417,5.779101453382893,1.026475169852561
5.635635635635635,3.75709042375709,5.789376432631828,1.026465668871908
5.645645645645645,3.7637637637637638,5.799651316314321,1.0264560753137635
5.655655655655655,3.770437103770437,5.809926103497904,1.0264463882677568
5.665665665665665,3.77711044377711,5.820200793241427,1.026436606814974
5.675675675675675,3.7837837837837838,5.830475384597729,1.0264267300305623
5.685685685685685,3.790457123790457,5.840749876604642,1.0264167569748803
5.6956956956956954,3.79713046379713,5.8510242682965,1.0264066867048283
5.7057057057057055,3.803803803803804,5.861298558694184,1.0263965182640302
5.7157157157157155,3.810477143810477,5.871572746809335,1.026386250687006
5.7257257257257255,3.81715048381715,5.8818468316473815,1.0263758830021263
5.7357357357357355,3.823823823823824,5.892120812197947,1.0263654142221674
5.7457457457457455,3.830497163830497,5.902394687446938,1.0263548433562326
5.7557557557557555,3.83717050383717,5.912668456366223,1.0263441693995607
5.7657657657657655,3.843843843843844,5.922942117917854,1.0263333913376902
5.7757757757757755,3.850517183850517,5.933215671057447,1.0263225081497926
5.7857857857857855,3.85719052385719,5.943489114723964,1.0263115187985923
5.7957957957957955,3.863863863863864,5.953762447852435,1.0263004222429153
5.8058058058058055,3.870537203870537,5.964035669363245,1.0262892174271054
5.8158158158158155,3.87721054387721,5.974308778166324,1.0262779032851748
5.8258258258258255,3.883883883883884,5.984581773164954,1.0262664787445392
5.8358358358358355,3.890557223890557,5.9948546532448725,1.0262549427152725
5.8458458458458455,3.89723056389723,6.005127417287644,1.026243294103304
5.8558558558558556,3.903903903903904,6.015400064159561,1.0262315317994415
5.865865865865866,3.910577243910577,6.025672592715787,1.0262196546834836
5.875875875875876,3.9172505839172502,6.035945001804611,1.0262076616283986
5.885885885885886,3.923923923923924,6.0462172902558455,1.0261955514888657
5.895895895895896,3.930597263930597,6.0564894568948695,1.0261833231151607
5.905905905905906,3.9372706039372702,6.06676150053114,1.0261709753417656
5.915915915915916,3.943943943943944,6.077033419962263,1.026158506991435
5.925925925925926,3.950617283950617,6.087305213978739,1.0261459168798486
5.935935935935936,3.9572906239572903,6.097576881351626,1.0261332038034021
5.945945945945946,3.963963963963964,6.1078484208472394,1.0261203665538048
5.955955955955956,3.970637303970637,6.118119831215318,1.026107403906274
5.965965965965966,3.9773106439773103,6.128391111192984,1.0260943146235342
5.975975975975976,3.983983983983984,6.138662259510014,1.0260810974609829
5.985985985985986,3.990657323990657,6.1489332748756915,1.0260677511536784
5.995995995995996,3.9973306639973303,6.15920415599429,1.0260542744316963
6.006006006006006,4.0040040040040035,6.169474901552777,1.0260406660078878
6.016016016016016,4.010677344010677,6.179745510224709,1.0260269245817977
6.026026026026026,4.017350684017351,6.190015980676029,1.0260130488453791
6.036036036036036,4.0240240240240235,6.2002863115511255,1.0259990374691401
6.046046046046046,4.030697364030697,6.210556501489043,1.0259848891182786
6.056056056056056,4.037370704037371,6.220826549110776,1.0259706024400108
6.066066066066066,4.0440440440440435,6.231096453023074,1.025956176067377
6.076076076076076,4.050717384050717,6.241366211824799,1.025941608625554
6.086086086086086,4.057390724057391,6.251635824092117,1.0259268987171
6.096096096096096,4.0640640640640635,6.261905288395504,1.0259120449389205
6.106106106106106,4.070737404070737,6.272174603286638,1.0258970458691452
6.116116116116116,4.077410744077411,6.282443767302022,1.0258819000708004
6.126126126126126,4.0840840840840835,6.292712778970013,1.0258666060987665
6.136136136136136,4.090757424090757,6.302981636795066,1.0258511624840723
6.146146146146146,4.097430764097431,6.313250339275592,1.0258355677517215
6.156156156156156,4.1041041041041035,6.323518884890381,1.0258198204071118
6.166166166166166,4.110777444110777,6.333787272102113,1.025803918939555
6.176176176176176,4.117450784117451,6.344055499365025,1.0257878618299199
6.186186186186186,4.1241241241241235,6.354323565108186,1.0257716475339231
6.196196196196196,4.130797464130797,6.3645914677542414,1.0257552745008585
6.206206206206206,4.137470804137471,6.374859205705378,1.0257387411595449
6.216216216216216,4.144144144144144,6.385126777346643,1.0257220459216703
6.226226226226226,4.150817484150817,6.3953941810543595,1.02570518719017
6.236236236236236,4.157490824157491,6.405661415178351,1.0256881633414556
6.246246246246246,4.164164164164164,6.415928478061593,1.0256709727450861
6.256256256256256,4.170837504170837,6.426195368025746,1.0256536137492447
6.266266266266266,4.177510844177511,6.436462083374239,1.0256360846838628
6.276276276276276,4.184184184184184,6.4467286224014755,1.025618383869804
6.286286286286286,4.190857524190857,6.456994983373957,1.0256005095999556
6.296296296296296,4.197530864197531,6.467261164550895,1.0255824601598944
6.306306306306306,4.204204204204204,6.477527164169281,1.0255642338128779
6.316316316316316,4.210877544210877,6.487792980446726,1.025545828802722
6.326326326326326,4.217550884217551,6.498058611591494,1.0255272433638423
6.336336336336336,4.224224224224224,6.508324055782483,1.0255084757011486
6.346346346346346,4.230897564230897,6.518589311190814,1.0254895240117463
6.356356356356356,4.237570904237571,6.528854375964459,1.025470386469438
6.366366366366366,4.244244244244244,6.539119248230773,1.0254510612273162
6.376376376376376,4.250917584250917,6.549383926107449,1.0254315464287282
6.386386386386386,4.257590924257591,6.559648407681254,1.0254118401858987
6.396396396396396,4.264264264264264,6.569912691030681,1.0253919406027217
6.406406406406406,4.270937604270937,6.580176774210085,1.0253718457587573
6.416416416416417,4.277610944277611,6.590440655251904,1.025351553711506
6.426426426426427,4.2842842842842845,6.6007043321785765,1.025331062508364
6.436436436436437,4.290957624290958,6.610967802979989,1.0253103701638995
6.446446446446447,4.297630964297631,6.621231065637195,1.0252894746837822
6.456456456456457,4.3043043043043046,6.6314941181061045,1.0252683740482733
6.466466466466467,4.310977644310978,6.641756958319323,1.0252470662141366
6.476476476476477,4.317650984317651,6.652019584199106,1.0252255491276558
6.486486486486487,4.324324324324325,6.6622819936334405,1.0252038207004879
6.496496496496497,4.330997664330998,6.672544184500895,1.0251818788347802
6.506506506506507,4.337671004337671,6.682806154653829,1.0251597214061512
6.516516516516517,4.344344344344345,6.693067901919842,1.0251373462651894
6.526526526526527,4.351017684351018,6.703329424115806,1.0251147512516103
6.536536536536537,4.357691024357691,6.713590719022529,1.0250919341686064
6.546546546546547,4.364364364364365,6.7238517844107575,1.0250688928092035
6.556556556556557,4.371037704371038,6.7341126180239455,1.0250456249387268
6.566566566566567,4.377711044377711,6.74437321757921,1.0250221282958396
6.576576576576577,4.384384384384385,6.754633580782576,1.0249984006079256
6.586586586586587,4.391057724391058,6.7648937053020886,1.0249744395638378
6.596596596596597,4.397731064397731,6.775153588795071,1.0249502428415609
6.606606606606607,4.404404404404405,6.785413228890398,1.0249258080901555
6.616616616616617,4.411077744411078,6.795672623188964,1.024901132930282
6.626626626626627,4.417751084417751,6.805931769280151,1.0248762149708925
6.636636636636637,4.424424424424425,6.816190664713389,1.0248510517802965
6.646646646646647,4.431097764431098,6.826449307026649,1.0248256409151777
6.656656656656657,4.437771104437771,6.836707693728258,1.0247999799020144
6.666666666666667,4.444444444444445,6.846965822296813,1.024774066237039
6.676676676676677,4.451117784451118,6.857223690198983,1.0247478974043287
6.686686686686687,4.457791124457791,6.867481294859372,1.024721470845083
6.696696696696697,4.464464464464465,6.877738633690363,1.0246947839880642
6.706706706706707,4.471137804471138,6.88799570407345,1.024667834230498
6.716716716716717,4.477811144477811,6.89825250335852,1.0246406189373893
6.726726726726727,4.484484484484485,6.908509028883112,1.0246131354611232
6.736736736736737,4.491157824491158,6.9187652779404845,1.0245853811088532
6.746746746746747,4.497831164497831,6.92902124781084,1.0245573531744216
6.756756756756757,4.504504504504505,6.939276935742203,1.0245290489187402
6.766766766766767,4.511177844511178,6.949532338949005,1.0245004655684036
6.776776776776777,4.517851184517851,6.959787454632885,1.0244716003368979
6.786786786786787,4.524524524524525,6.970042279948862,1.024442450389994
6.796796796796797,4.531197864531198,6.980296812038016,1.0244130128792126
6.806806806806807,4.537871204537871,6.9905510480079105,1.024383284921691
6.816816816816817,4.544544544544545,7.000804984930394,1.0243532635980162
6.826826826826827,4.551217884551218,7.011058619864062,1.0243229459751575
6.836836836836837,4.557891224557891,7.021311949818439,1.0242923290697468
6.846846846846847,4.564564564564565,7.031564971788158,1.02426140988316
6.856856856856857,4.571237904571238,7.041817682732927,1.0242301853808717
6.866866866866867,4.577911244577911,7.052070079574506,1.0241986524894315
6.876876876876877,4.584584584584585,7.0623221592209156,1.0241668081212367
6.886886886886887,4.591257924591258,7.0725739185285255,1.024134649135585
6.896896896896897,4.597931264597931,7.08282535433778,1.0241021723754355
6.906906906906907,4.604604604604605,7.093076463452756,1.0240693746462672
6.916916916916917,4.611277944611278,7.103327242637199,1.0240362527121043
6.926926926926927,4.617951284617951,7.113577688640601,1.02400280332226
6.936936936936937,4.624624624624625,7.123827798158094,1.0239690231700376
6.946946946946947,4.631297964631298,7.134077567867788,1.0239349089312428
6.956956956956957,4.637971304637971,7.144326994409906,1.0239004572425492
6.966966966966967,4.644644644644645,7.154576074381811,1.023865664696491
6.976976976976977,4.651317984651318,7.1648248043660905,1.0238305278703057
6.986986986986987,4.657991324657991,7.175073180888102,1.0237950432821565
6.996996996996997,4.664664664664665,7.185321200455018,1.023759207431462
7.007007007007007,4.671338004671338,7.195568859534536,1.0237230167767941
7.017017017017017,4.678011344678011,7.205816154548826,1.0236864677297284
7.027027027027027,4.684684684684685,7.216063081904705,1.0236495566859318
7.037037037037037,4.691358024691358,7.226309637948773,1.0236122799787744
7.047047047047047,4.698031364698031,7.236555819008174,1.023574633921542
7.057057057057057,4.704704704704705,7.246801621368937,1.0235366147848886
7.067067067067067,4.711378044711378,7.257047041268724,1.023498218789443
7.077077077077077,4.718051384718051,7.267292074929254,1.0234594421392833
7.087087087087087,4.724724724724725,7.277536718508867,1.023420280972799
7.097097097097097,4.7313980647313985,7.287780968145097,1.0233807314068664
7.107107107107107,4.738071404738071,7.298024819932659,1.023340789513871
7.117117117117117,4.744744744744745,7.30826826991488,1.023300451312962
7.127127127127127,4.7514180847514185,7.3185113141185205,1.0232597128060628
7.137137137137137,4.758091424758091,7.3287539485036515,1.0232185699258538
7.147147147147147,4.764764764764765,7.338996169008089,1.0231770185819642
7.157157157157157,4.7714381047714385,7.349237971525044,1.0231350546376101
7.167167167167167,4.778111444778111,7.359479351893149,1.0230926738993644
7.177177177177177,4.784784784784785,7.369720305933809,1.0230498721558723
7.187187187187187,4.7914581247914585,7.379960829398256,1.0230066451228055
7.197197197197197,4.798131464798131,7.390200918013923,1.0229629884911442
7.207207207207207,4.804804804804805,7.400440567461783,1.022918897903468
7.217217217217217,4.8114781448114785,7.410679773364918,1.0228743689421929
7.227227227227227,4.818151484818151,7.4209185313242445,1.0228293971666642
7.237237237237237,4.824824824824825,7.431156836880766,1.0227839780738175
7.247247247247247,4.8314981648314985,7.441394685533793,1.0227381071172135
7.257257257257257,4.838171504838171,7.451632072737282,1.0226917797031962
7.267267267267267,4.844844844844845,7.4618689938990395,1.02264499119003
7.277277277277277,4.8515181848515185,7.4721054443801584,1.02259773688734
7.287287287287287,4.858191524858191,7.482341419494203,1.0225500120552355
7.297297297297297,4.864864864864865,7.492576914507071,1.0225018119041602
7.307307307307307,4.8715382048715385,7.502811924636726,1.022453131594621
7.317317317317317,4.878211544878211,7.513046445052488,1.02240396623643
7.327327327327327,4.884884884884885,7.52328047087447,1.022354310888126
7.337337337337337,4.891558224891559,7.533513997172695,1.0223041605560486
7.347347347347347,4.898231564898231,7.54374701896699,1.0222535101942207
7.357357357357357,4.904904904904905,7.553979531226684,1.0222023547040406
7.367367367367367,4.911578244911579,7.56421152886984,1.0221506889334864
7.377377377377377,4.918251584918251,7.574443006762695,1.0220985076765174
7.387387387387387,4.924924924924925,7.584673959718681,1.0220458056720925
7.397397397397397,4.931598264931599,7.594904382498391,1.0219925776040935
7.407407407407407,4.938271604938271,7.605134269809195,1.0219388181009745
7.4174174174174174,4.944944944944945,7.615363616304472,1.0218845217349384
7.4274274274274275,4.951618284951619,7.625592416582951,1.0218296830213018
7.4374374374374375,4.958291624958291,7.6358206651877785,1.0217742964174816
7.4474474474474475,4.964964964964965,7.646048356606419,1.021718356322946
7.4574574574574575,4.971638304971639,7.6562754852702675,1.0216618570788274
7.4674674674674675,4.978311644978311,7.66650204555384,1.0216047929670709
7.4774774774774775,4.984984984984985,7.676728031774086,1.0215471582097697
7.4874874874874875,4.991658324991659,7.686953438189373,1.0214889469681125
7.4974974974974975,4.998331664998331,7.697178258999445,1.0214301533423735
7.5075075075075075,5.005005005005005,7.707402488344982,1.0213707713714906
7.5175175175175175,5.011678345011679,7.717626120306739,1.0213107950321858
7.5275275275275275,5.018351685018351,7.727849148904816,1.0212502182382681
7.5375375375375375,5.025025025025025,7.738071568097613,1.0211890348395565
7.5475475475475475,5.031698365031699,7.748293371781798,1.0211272386219101
7.5575575575575575,5.038371705038371,7.758514553791824,1.021064823306767
7.5675675675675675,5.045045045045045,7.768735107899024,1.021001782550248
7.5775775775775776,5.051718385051719,7.778955027810842,1.0209381099424284
7.587587587587588,5.058391725058391,7.789174307169735,1.020873799006242
7.597597597597598,5.065065065065065,7.7993929395531705,1.0208088431975555
7.607607607607608,5.071738405071739,7.809610918473093,1.0207432359046744
7.617617617617618,5.078411745078411,7.819828237374978,1.0206769704474379
7.627627627627628,5.085085085085085,7.830044889637014,1.0206100400764517
7.637637637637638,5.091758425091759,7.840260868568958,1.0205424379719976
7.647647647647648,5.098431765098431,7.850476167412175,1.020474157244151
7.657657657657658,5.105105105105105,7.860690779339026,1.0204051909322556
7.667667667667668,5.111778445111779,7.870904697451907,1.0203355320040235
7.677677677677678,5.1184517851184514,7.881117914782358,1.0202651733547334
7.687687687687688,5.125125125125125,7.891330424289896,1.0201941078061547
7.697697697697698,5.131798465131799,7.90154221886207,1.0201223281067173
7.707707707707708,5.1384718051384715,7.911753291313802,1.020049826930968
7.717717717717718,5.145145145145145,7.9219636343863895,1.0199765968786765
7.727727727727728,5.151818485151819,7.932173240746541,1.0199026304740115
7.737737737737738,5.1584918251584915,7.94238210298519,1.0198279201644969
7.747747747747748,5.165165165165165,7.952590213617586,1.0197524583212436
7.757757757757758,5.171838505171839,7.9627975650825595,1.019676237238389
7.767767767767768,5.1785118451785115,7.973004149741499,1.0195992491322359
7.777777777777778,5.185185185185185,7.983209959877312,1.0195214861404047
7.787787787787788,5.191858525191859,7.993414987693253,1.0194429403208534
7.797797797797798,5.1985318651985315,8.003619225312983,1.0193636036521705
7.807807807807808,5.205205205205205,8.013822664779832,1.0192834680330212
7.817817817817818,5.211878545211879,8.024025298055712,1.0192025252813322
7.827827827827828,5.2185518852185515,8.03422711702001,1.0191207671334341
7.837837837837838,5.225225225225225,8.044428113468413,1.0190381852431707
7.847847847847848,5.231898565231899,8.05462827911303,1.0189547711822717
7.857857857857858,5.2385719052385715,8.064827605581497,1.0188705164398157
7.867867867867868,5.245245245245245,8.075026084415974,1.0187854124214872
7.877877877877878,5.251918585251919,8.085223707071897,1.0186994504487306
7.887887887887888,5.2585919252585915,8.095420464916836,1.0186126217579785
7.897897897897898,5.265265265265265,8.105616349230605,1.0185249175011144
7.907907907907908,5.271938605271939,8.115811351204384,1.0184363287449907
7.917917917917918,5.2786119452786116,8.126005461939595,1.0183468464707723
7.927927927927928,5.285285285285285,8.136198672446655,1.0182564615731335
7.937937937937938,5.291958625291959,8.146390973643829,1.0181651648596441
7.947947947947948,5.298631965298632,8.156582356357369,1.0180729470513459
7.957957957957958,5.305305305305305,8.16677281132054,1.0179797987823451
7.967967967967968,5.311978645311979,8.176962329172559,1.0178857105992904
7.977977977977978,5.318651985318652,8.187150900457205,1.0177906729606423
7.987987987987988,5.325325325325325,8.197338515621738,1.0176946762362615
7.997997997997998,5.331998665331999,8.207525165017042,1.0175977107081238
8.008008008008009,5.3386720053386725,8.217710838896652,1.0174997665700323
8.018018018018019,5.345345345345346,8.227895527415615,1.0174008339272698
8.028028028028029,5.352018685352019,8.238079220629066,1.0173009027959845
8.038038038038039,5.3586920253586925,8.248261908491212,1.017199963103037
8.048048048048049,5.365365365365366,8.258443580855486,1.0170980046868863
8.058058058058059,5.372038705372039,8.268624227473504,1.0169950172974738
8.068068068068069,5.3787120453787125,8.278803837993994,1.0168909905960992
8.078078078078079,5.385385385385386,8.28898240196125,1.0167859141549873
8.088088088088089,5.392058725392059,8.299159908814207,1.0166797774574512
8.098098098098099,5.3987320653987325,8.30933634788664,1.0165725698989974
8.108108108108109,5.405405405405406,8.31951170840606,1.0164642807874402
8.118118118118119,5.412078745412079,8.329685979492691,1.0163548993430704
8.128128128128129,5.4187520854187525,8.339859150157844,1.016244414698478
8.138138138138139,5.425425425425426,8.350031209303111,1.016132815899108
8.148148148148149,5.432098765432099,8.36020214572056,1.0160200919046312
8.158158158158159,5.4387721054387725,8.370371948091677,1.0159062315893796
8.168168168168169,5.445445445445446,8.380540604986328,1.0157912237428788
8.178178178178179,5.452118785452119,8.390708104861092,1.0156750570700317
8.188188188188189,5.4587921254587926,8.400874436058611,1.0155577201921442
8.198198198198199,5.465465465465466,8.411039586807792,1.0154392016486382
8.208208208208209,5.472138805472139,8.421203545222786,1.0153194898979048
8.218218218218219,5.478812145478813,8.431366299301986,1.0151985733182953
8.228228228228229,5.485485485485486,8.441527836926333,1.0150764402087942
8.238238238238239,5.492158825492159,8.451688145858842,1.01495307879061
8.248248248248249,5.498832165498833,8.461847213744848,1.0148284772093223
8.258258258258259,5.505505505505506,8.472005028111017,1.0147026235362675
8.268268268268269,5.512178845512179,8.482161576364406,1.0145755057701176
8.278278278278279,5.518852185518853,8.492316845790821,1.0144471118381901
8.288288288288289,5.525525525525526,8.502470823554484,1.0143174295987218
8.298298298298299,5.532198865532199,8.512623496698382,1.0141864468435566
8.308308308308309,5.538872205538873,8.52277485214333,1.0140541513002197
8.318318318318319,5.545545545545546,8.53292487668718,1.0139205306342236
8.328328328328329,5.552218885552219,8.54307355700313,1.0137855724512113
8.338338338338339,5.558892225558893,8.553220879639731,1.013649264300041
8.348348348348349,5.565565565565566,8.56336683102127,1.013511593676161
8.358358358358359,5.572238905572239,8.573511397446966,1.013372548024544
8.368368368368369,5.578912245578913,8.5836545650903,1.013232114742904
8.378378378378379,5.585585585585586,8.593796319997455,1.01309028118491
8.388388388388389,5.592258925592259,8.603936648087574,1.012947034664232
8.398398398398399,5.598932265598933,8.614075535153278,1.0128023624587716
8.408408408408409,5.605605605605606,8.624212966860041,1.0126562518146816
8.418418418418419,5.612278945612279,8.634348928745691,1.0125086899507116
8.428428428428429,5.618952285618953,8.644483406219024,1.0123596640627748
8.438438438438439,5.625625625625626,8.654616384560375,1.0122091613291295
8.448448448448449,5.632298965632299,8.66474784892234,1.0120571689156863
8.458458458458459,5.638972305638973,8.674877784329361,1.0119036739813707
8.468468468468469,5.645645645645646,8.685006175677476,1.011748663683858
8.478478478478479,5.652318985652319,8.69513300773241,1.0115921251859663
8.488488488488489,5.658992325658993,8.705258265133633,1.0114340456617525
8.498498498498499,5.665665665665666,8.715381932390988,1.0112744123035933
8.508508508508509,5.672339005672339,8.725503993886475,1.0111132123292121
8.518518518518519,5.679012345679013,8.735624433874424,1.010950432989137
8.528528528528529,5.685685685685686,8.745743236481797,1.010786061574563
8.538538538538539,5.692359025692359,8.755860385708615,1.0106200854256138
8.548548548548549,5.699032365699033,8.765975865428262,1.0104524919401268
8.558558558558559,5.705705705705706,8.77608965938827,1.0102832685827192
8.568568568568569,5.712379045712379,8.786201751211184,1.0101124028942212
8.578578578578579,5.719052385719053,8.796312124395333,1.0099398825016743
8.588588588588589,5.725725725725726,8.806420762315684,1.0097656951288092
8.598598598598599,5.732399065732399,8.816527648224687,1.0095898286072165
8.608608608608609,5.739072405739073,8.826632765253514,1.0094122708877722
8.618618618618619,5.745745745745746,8.836736096413505,1.0092330100524742
8.62862862862863,5.752419085752419,8.846837624597466,1.0090520343270188
8.63863863863864,5.759092425759093,8.856937332581136,1.008869332093963
8.64864864864865,5.765765765765766,8.867035203024674,1.008684891906762
8.65865865865866,5.772439105772439,8.877131218474513,1.0084987025040808
8.66866866866867,5.779112445779113,8.887225361365442,1.00831075282449
8.67867867867868,5.785785785785786,8.897317614022661,1.0081210320221512
8.68868868868869,5.792459125792459,8.907407958663986,1.0079295294831987
8.6986986986987,5.799132465799133,8.917496377402097,1.007736234843213
8.70870870870871,5.805805805805806,8.927582852247165,1.0075411380050106
8.71871871871872,5.812479145812479,8.937667365109808,1.0073442291567551
8.72872872872873,5.819152485819153,8.94774989780399,1.0071454987913422
8.73873873873874,5.825825825825826,8.957830432050152,1.0069449377266164
8.74874874874875,5.832499165832499,8.967908949478439,1.006742537126936
8.75875875875876,5.839172505839173,8.977985431632298,1.006538288525128
8.76876876876877,5.845845845845846,8.988059859972443,1.0063321838446413
8.77877877877878,5.852519185852519,8.998132215880839,1.0061242154232948
8.78878878878879,5.859192525859193,9.008202480664956,1.0059143760380478
8.7987987987988,5.8658658658658664,9.018270635562198,1.0057026589313622
8.80880880880881,5.872539205872539,9.028336661744703,1.005489057838137
8.81881881881882,5.879212545879213,9.038400540324544,1.0052735670125763
8.82882882882883,5.8858858858858865,9.048462252359016,1.0050561812570584
8.83883883883884,5.892559225892559,9.058521778856278,1.0048368959522407
8.84884884884885,5.899232565899233,9.068579100781232,1.0046157070890196
8.85885885885886,5.9059059059059065,9.078634199061797,1.0043926113013184
8.86886886886887,5.912579245912579,9.0886870545956,1.0041676058984375
8.87887887887888,5.919252585919253,9.098737648256868,1.0039406888998488
8.88888888888889,5.9259259259259265,9.108785960903703,1.003711859071486
8.8988988988989,5.932599265932599,9.118831973385724,1.0034811159641481
8.90890890890891,5.939272605939273,9.12887566655217,1.0032484599531064
8.91891891891892,5.9459459459459465,9.138917021260333,1.0030138922767344
8.92892892892893,5.952619285952619,9.148956018384379,1.0027774150780704
8.93893893893894,5.959292625959293,9.15899263882459,1.002539031448183
8.94894894894895,5.9659659659659665,9.169026863517153,1.0022987454718923
8.95895895895896,5.972639305972639,9.179058673444382,1.0020565622751867
8.96896896896897,5.979312645979313,9.189088049645283,1.0018124880709511
8.97897897897898,5.9859859859859865,9.199114973226651,1.0015665302081223
8.98898898898899,5.992659325992659,9.209139425374689,1.001318697223014
8.998998998999,5.999332665999333,9.219161387367219,1.0010689988931842
9.00900900900901,6.0060060060060065,9.229180840586558,1.0008174462936439
9.01901901901902,6.012679346012679,9.239197766532577,1.0005640518504362
9.02902902902903,6.019352686019353,9.24921214683641,1.0003088293981373
9.03903903903904,6.0260260260260265,9.25922396327489,1.0000517942399116
9.04904904904905,6.032699366032699,9.269233197785645,0.9997929632102476
9.05905905905906,6.039372706039373,9.279239832483068,0.9995323547408033
9.06906906906907,6.046046046046047,9.289243849674246,0.9992699889224542
9.07907907907908,6.052719386052719,9.299245231875778,0.9990058875716639
9.08908908908909,6.059392726059393,9.309243961831445,0.9987400742998461
9.0990990990991,6.066066066066067,9.319240022530767,0.9984725745863643
9.10910910910911,6.072739406072739,9.329233397228263,0.9982034158522195
9.11911911911912,6.079412746079413,9.339224069462588,0.9979326275304827
9.12912912912913,6.086086086086087,9.349212023077593,0.9976602411462019
9.13913913913914,6.092759426092759,9.359197242243495,0.9973862903939703
9.14914914914915,6.099432766099433,9.369179711478862,0.9971108112170611
9.15915915915916,6.106106106106107,9.379159415673822,0.9968338418915912
9.16916916916917,6.112779446112779,9.38913634011354,0.9965554231082389
9.17917917917918,6.119452786119453,9.39911047050296,0.9962755980589604
9.18918918918919,6.126126126126127,9.409081792992362,0.9959944125245002
9.1991991991992,6.132799466132799,9.419050294203412,0.9957119149614737
9.20920920920921,6.139472806139473,9.42901596125684,0.9954281565952876
9.21921921921922,6.146146146146147,9.438978781800207,0.9951431915095951
9.22922922922923,6.152819486152819,9.448938744037171,0.9948570767404588
9.23923923923924,6.159492826159493,9.458895836757641,0.9945698723714341
9.24924924924925,6.166166166166167,9.468850049368323,0.9942816416266855
9.25925925925926,6.172839506172839,9.478801371925236,0.9939924509703699
9.26926926926927,6.179512846179513,9.48874979516613,0.9937023702012826
9.27927927927928,6.186186186186187,9.498695310544523,0.9934114725513316
9.28928928928929,6.192859526192859,9.508637910264811,0.9931198347848919
9.2992992992993,6.199532866199533,9.518577587317505,0.9928275372940483
9.30930930930931,6.206206206206207,9.528514335516801,0.9925346642000565
9.31931931931932,6.212879546212879,9.538448149537807,0.9922413034484459
9.32932932932933,6.219552886219553,9.548379024955429,0.991947546906247
9.33933933933934,6.226226226226227,9.558306958284545,0.9916534904596881
9.34934934934935,6.232899566232899,9.568231947019877,0.991359234104871
9.35935935935936,6.239572906239573,9.578153989678487,0.9910648820438156
9.36936936936937,6.246246246246247,9.58807308584177,0.9907705427720048
9.37937937937938,6.252919586252919,9.597989236198803,0.9904763291652363
9.38938938938939,6.259592926259593,9.607902442591337,0.9901823585658123
9.3993993993994,6.266266266266267,9.617812708057802,0.9898887528578485
9.40940940940941,6.2729396062729395,9.627720036880184,0.9895956385458324
9.41941941941942,6.279612946279613,9.637624434630112,0.9893031468217524
9.42942942942943,6.286286286286287,9.647525908215822,0.9890114136272131
9.43943943943944,6.2929596262929595,9.657424465931001,0.9887205797125334
9.44944944944945,6.299632966299633,9.667320117501799,0.9884307906798568
9.45945945945946,6.306306306306307,9.677212874136774,0.988142197025516
9.46946946946947,6.3129796463129795,9.687102748575551,0.9878549541667716
9.47947947947948,6.319652986319653,9.6969897551377,0.9875692224572753
9.48948948948949,6.326326326326327,9.706873909773467,0.9872851671950974
9.4994994994995,6.3329996663329995,9.716755230111671,0.9870029586080755
9.50950950950951,6.339673006339673,9.726633735510113,0.9867227718316431
9.51951951951952,6.346346346346347,9.7365094471042,0.9864447868648826
9.52952952952953,6.3530196863530195,9.746382387854572,0.986169188506459
9.53953953953954,6.359693026359693,9.756252582596344,0.985896166275497
9.54954954954955,6.366366366366367,9.766120058084075,0.9856259143008941
9.55955955955956,6.3730397063730395,9.775984843038458,0.9853586311924369
9.56956956956957,6.379713046379713,9.785846968190299,0.9850945198808523
9.57957957957958,6.386386386386387,9.795706466321771,0.9848337874255743
9.58958958958959,6.3930597263930595,9.805563372308532,0.9845766447948701
9.5995995995996,6.399733066399733,9.815417723155683,0.9843233066024778
9.60960960960961,6.406406406406407,9.825269558033881,0.9840739908098824
9.61961961961962,6.4130797464130795,9.83511891831136,0.9838289183833318
9.62962962962963,6.419753086419753,9.844965847580681,0.983588312902017
9.63963963963964,6.426426426426427,9.854810391684826,0.983352400118616
9.64964964964965,6.4330997664330996,9.864652598734605,0.9831214074599661
9.65965965965966,6.439773106439773,9.874492519123551,0.9828955634696596
9.66966966966967,6.446446446446447,9.884330205536546,0.9826750971835146
9.67967967967968,6.45311978645312,9.894165712949642,0.9824602374338334
9.68968968968969,6.459793126459793,9.903999098626388,0.9822512120751148
9.6996996996997,6.466466466466467,9.91383042210208,0.9820482471267975
9.70970970970971,6.47313980647314,9.9236597451613,0.9818515658239071
9.71971971971972,6.479813146479813,9.93348713180566,0.9816613875668455
9.72972972972973,6.486486486486487,9.943312648207959,0.9814779267696976
9.73973973973974,6.49315982649316,9.953136362658032,0.9813013915832536
9.74974974974975,6.499833166499833,9.962958345491712,0.981131982501632
9.75975975975976,6.506506506506507,9.972778669006948,0.980969890828829
9.76976976976977,6.51317984651318,9.982597407364368,0.9808152969924832
9.77977977977978,6.519853186519853,9.992414636467819,0.9806683687149904
9.78978978978979,6.526526526526527,10.002230433828794,0.9805292589898504
9.7997997997998,6.5331998665332,10.012044878407192,0.9803981038922263
9.80980980980981,6.539873206539873,10.021858050430305,0.9802750201825703
9.81981981981982,6.546546546546547,10.031670031187053,0.9801601026779616
9.82982982982983,6.55321988655322,10.041480902793554,0.980053421424358
9.83983983983984,6.559893226559893,10.051290747930418,0.979955018570144
9.84984984984985,6.566566566566567,10.061099649546584,0.9798649050118251
9.85985985985986,6.57323990657324,10.070907690528427,0.9797830567080872
9.86986986986987,6.579913246579913,10.080714953330318,0.9797094106977302
9.87987987987988,6.586586586586587,10.09052151956367,0.9796438607653586
9.88988988988989,6.59325992659326,10.100327469540744,0.9795862527386542
9.8998998998999,6.599933266599933,10.110132881769392,0.9795363793856798
9.90990990990991,6.606606606606607,10.11993783239464,0.9794939748810942
9.91991991991992,6.61327994661328,10.129742394582506,0.9794587088070325
9.92992992992993,6.619953286619953,10.139546637841324,0.9794301796534954
9.93993993993994,6.626626626626627,10.149350627275386,0.9794079077795544
9.94994994994995,6.6332999666333,10.159154422765209,0.979391327792613
9.95995995995996,6.639973306639973,10.16895807806844,0.9793797803012267
9.96996996996997,6.646646646646647,10.178761639834782,0.9793725029925722
9.97997997997998,6.65331998665332,10.188565146528113,0.9793686209856215
9.98998998998999,6.659993326659993,10.198368627248202,0.9793671364038325
10.0,6.666666666666667,10.208172100443937,0.97936691710844
